/*
Navicat MySQL Data Transfer

Source Server         : wanglei
Source Server Version : 50553
Source Host           : 127.0.0.1:3306
Source Database       : myshop

Target Server Type    : MYSQL
Target Server Version : 50553
File Encoding         : 65001

Date: 2019-03-28 11:58:54
*/

SET FOREIGN_KEY_CHECKS=0;

-- ----------------------------
-- Table structure for shop_address
-- ----------------------------
DROP TABLE IF EXISTS `shop_address`;
CREATE TABLE `shop_address` (
  `address_id` int(11) NOT NULL AUTO_INCREMENT,
  `address_man` varchar(45) DEFAULT NULL,
  `address_tel` char(11) DEFAULT NULL,
  `province` int(11) DEFAULT NULL,
  `city` int(11) DEFAULT NULL,
  `district` int(11) DEFAULT NULL,
  `address_detail` varchar(100) DEFAULT NULL,
  `address_dafault` tinyint(4) DEFAULT '2',
  `user_id` int(11) NOT NULL,
  `create_time` int(11) DEFAULT NULL,
  PRIMARY KEY (`address_id`),
  KEY `fk_shop_address_shop_user1_idx` (`user_id`)
) ENGINE=InnoDB AUTO_INCREMENT=7 DEFAULT CHARSET=utf8;

-- ----------------------------
-- Records of shop_address
-- ----------------------------
INSERT INTO `shop_address` VALUES ('1', '孙靳涛', '18835797236', '110000', '110100', '110114', '沙河镇', '1', '6', '1543555690');
INSERT INTO `shop_address` VALUES ('2', '王鹏', '12345678900', '110000', '110100', '110114', '沙河经管学院', '2', '6', '1543564677');
INSERT INTO `shop_address` VALUES ('4', '李晓妮', '17635144631', '440000', '440300', '440310', '比亚迪有限公司', '2', '6', '1543806359');
INSERT INTO `shop_address` VALUES ('5', '王磊', '11111111111', '120000', '120100', '120101', '天津', '1', '7', '1544695499');
INSERT INTO `shop_address` VALUES ('6', '小明', '11111111111', '110000', '110100', '110101', '北京', '2', '7', '1544695522');

-- ----------------------------
-- Table structure for shop_admin
-- ----------------------------
DROP TABLE IF EXISTS `shop_admin`;
CREATE TABLE `shop_admin` (
  `admin_id` int(11) NOT NULL AUTO_INCREMENT,
  `admin_name` varchar(45) DEFAULT NULL,
  `admin_pwd` char(32) DEFAULT NULL,
  `admin_email` varchar(45) DEFAULT NULL,
  `admin_tel` char(11) DEFAULT NULL,
  `create_time` int(11) DEFAULT NULL,
  `salt` char(6) DEFAULT NULL,
  `last_login_time` int(11) DEFAULT NULL,
  `last_login_ip` varchar(20) DEFAULT NULL,
  PRIMARY KEY (`admin_id`)
) ENGINE=InnoDB AUTO_INCREMENT=8 DEFAULT CHARSET=utf8;

-- ----------------------------
-- Records of shop_admin
-- ----------------------------
INSERT INTO `shop_admin` VALUES ('1', 'admin1', '1dbc09a340c47dea8408e020c2a60942', '1207899652@qq.com', '18835797235', '1542000272', 'qs%c#h', null, null);
INSERT INTO `shop_admin` VALUES ('2', 'zhangsan', '310e05cb3e0edcc0656bc791a295bb59', '18835797236@qq.com', '17635148364', '1542009627', 'l0ghpf', '1544419368', '127.0.0.1');
INSERT INTO `shop_admin` VALUES ('4', 'sanshi', '205325f4334cc69ad7c7e98f22c33b88', '120@qq.com', '18835797236', '1542009764', '^f*l!k', null, null);
INSERT INTO `shop_admin` VALUES ('6', 'wangpeng', '6898c1c518ce9c4db7061e198ec3d8de', '1207899@qq.com', '17635144631', '1542009859', '4swd1r', null, null);
INSERT INTO `shop_admin` VALUES ('7', 'admin', '656845ff1c909c155755e9470de94643', '123456@qq.com', '18835797236', '1542684746', 'hx6ns$', '1543988142', '127.0.0.1');

-- ----------------------------
-- Table structure for shop_area
-- ----------------------------
DROP TABLE IF EXISTS `shop_area`;
CREATE TABLE `shop_area` (
  `id` int(11) NOT NULL AUTO_INCREMENT COMMENT '区域主键',
  `name` varchar(16) DEFAULT NULL COMMENT '区域名称',
  `pid` int(11) DEFAULT NULL COMMENT '上级主键',
  PRIMARY KEY (`id`),
  KEY `parent_id` (`pid`) USING BTREE
) ENGINE=InnoDB AUTO_INCREMENT=900001 DEFAULT CHARSET=utf8 COMMENT='区域字典';

-- ----------------------------
-- Records of shop_area
-- ----------------------------
INSERT INTO `shop_area` VALUES ('110000', '北京', '0');
INSERT INTO `shop_area` VALUES ('110100', '北京市', '110000');
INSERT INTO `shop_area` VALUES ('110101', '东城区', '110100');
INSERT INTO `shop_area` VALUES ('110102', '西城区', '110100');
INSERT INTO `shop_area` VALUES ('110105', '朝阳区', '110100');
INSERT INTO `shop_area` VALUES ('110106', '丰台区', '110100');
INSERT INTO `shop_area` VALUES ('110107', '石景山区', '110100');
INSERT INTO `shop_area` VALUES ('110108', '海淀区', '110100');
INSERT INTO `shop_area` VALUES ('110109', '门头沟区', '110100');
INSERT INTO `shop_area` VALUES ('110111', '房山区', '110100');
INSERT INTO `shop_area` VALUES ('110112', '通州区', '110100');
INSERT INTO `shop_area` VALUES ('110113', '顺义区', '110100');
INSERT INTO `shop_area` VALUES ('110114', '昌平区', '110100');
INSERT INTO `shop_area` VALUES ('110115', '大兴区', '110100');
INSERT INTO `shop_area` VALUES ('110116', '怀柔区', '110100');
INSERT INTO `shop_area` VALUES ('110117', '平谷区', '110100');
INSERT INTO `shop_area` VALUES ('110228', '密云县', '110100');
INSERT INTO `shop_area` VALUES ('110229', '延庆县', '110100');
INSERT INTO `shop_area` VALUES ('120000', '天津', '0');
INSERT INTO `shop_area` VALUES ('120100', '天津市', '120000');
INSERT INTO `shop_area` VALUES ('120101', '和平区', '120100');
INSERT INTO `shop_area` VALUES ('120102', '河东区', '120100');
INSERT INTO `shop_area` VALUES ('120103', '河西区', '120100');
INSERT INTO `shop_area` VALUES ('120104', '南开区', '120100');
INSERT INTO `shop_area` VALUES ('120105', '河北区', '120100');
INSERT INTO `shop_area` VALUES ('120106', '红桥区', '120100');
INSERT INTO `shop_area` VALUES ('120110', '东丽区', '120100');
INSERT INTO `shop_area` VALUES ('120111', '西青区', '120100');
INSERT INTO `shop_area` VALUES ('120112', '津南区', '120100');
INSERT INTO `shop_area` VALUES ('120113', '北辰区', '120100');
INSERT INTO `shop_area` VALUES ('120114', '武清区', '120100');
INSERT INTO `shop_area` VALUES ('120115', '宝坻区', '120100');
INSERT INTO `shop_area` VALUES ('120116', '滨海新区', '120100');
INSERT INTO `shop_area` VALUES ('120221', '宁河县', '120100');
INSERT INTO `shop_area` VALUES ('120223', '静海县', '120100');
INSERT INTO `shop_area` VALUES ('120225', '蓟县', '120100');
INSERT INTO `shop_area` VALUES ('130000', '河北省', '0');
INSERT INTO `shop_area` VALUES ('130100', '石家庄市', '130000');
INSERT INTO `shop_area` VALUES ('130102', '长安区', '130100');
INSERT INTO `shop_area` VALUES ('130104', '桥西区', '130100');
INSERT INTO `shop_area` VALUES ('130105', '新华区', '130100');
INSERT INTO `shop_area` VALUES ('130107', '井陉矿区', '130100');
INSERT INTO `shop_area` VALUES ('130108', '裕华区', '130100');
INSERT INTO `shop_area` VALUES ('130109', '藁城区', '130100');
INSERT INTO `shop_area` VALUES ('130110', '鹿泉区', '130100');
INSERT INTO `shop_area` VALUES ('130111', '栾城区', '130100');
INSERT INTO `shop_area` VALUES ('130121', '井陉县', '130100');
INSERT INTO `shop_area` VALUES ('130123', '正定县', '130100');
INSERT INTO `shop_area` VALUES ('130125', '行唐县', '130100');
INSERT INTO `shop_area` VALUES ('130126', '灵寿县', '130100');
INSERT INTO `shop_area` VALUES ('130127', '高邑县', '130100');
INSERT INTO `shop_area` VALUES ('130128', '深泽县', '130100');
INSERT INTO `shop_area` VALUES ('130129', '赞皇县', '130100');
INSERT INTO `shop_area` VALUES ('130130', '无极县', '130100');
INSERT INTO `shop_area` VALUES ('130131', '平山县', '130100');
INSERT INTO `shop_area` VALUES ('130132', '元氏县', '130100');
INSERT INTO `shop_area` VALUES ('130133', '赵县', '130100');
INSERT INTO `shop_area` VALUES ('130181', '辛集市', '130100');
INSERT INTO `shop_area` VALUES ('130183', '晋州市', '130100');
INSERT INTO `shop_area` VALUES ('130184', '新乐市', '130100');
INSERT INTO `shop_area` VALUES ('130200', '唐山市', '130000');
INSERT INTO `shop_area` VALUES ('130202', '路南区', '130200');
INSERT INTO `shop_area` VALUES ('130203', '路北区', '130200');
INSERT INTO `shop_area` VALUES ('130204', '古冶区', '130200');
INSERT INTO `shop_area` VALUES ('130205', '开平区', '130200');
INSERT INTO `shop_area` VALUES ('130207', '丰南区', '130200');
INSERT INTO `shop_area` VALUES ('130208', '丰润区', '130200');
INSERT INTO `shop_area` VALUES ('130209', '曹妃甸区', '130200');
INSERT INTO `shop_area` VALUES ('130223', '滦县', '130200');
INSERT INTO `shop_area` VALUES ('130224', '滦南县', '130200');
INSERT INTO `shop_area` VALUES ('130225', '乐亭县', '130200');
INSERT INTO `shop_area` VALUES ('130227', '迁西县', '130200');
INSERT INTO `shop_area` VALUES ('130229', '玉田县', '130200');
INSERT INTO `shop_area` VALUES ('130281', '遵化市', '130200');
INSERT INTO `shop_area` VALUES ('130283', '迁安市', '130200');
INSERT INTO `shop_area` VALUES ('130300', '秦皇岛市', '130000');
INSERT INTO `shop_area` VALUES ('130302', '海港区', '130300');
INSERT INTO `shop_area` VALUES ('130303', '山海关区', '130300');
INSERT INTO `shop_area` VALUES ('130304', '北戴河区', '130300');
INSERT INTO `shop_area` VALUES ('130321', '青龙满族自治县', '130300');
INSERT INTO `shop_area` VALUES ('130322', '昌黎县', '130300');
INSERT INTO `shop_area` VALUES ('130323', '抚宁县', '130300');
INSERT INTO `shop_area` VALUES ('130324', '卢龙县', '130300');
INSERT INTO `shop_area` VALUES ('130400', '邯郸市', '130000');
INSERT INTO `shop_area` VALUES ('130402', '邯山区', '130400');
INSERT INTO `shop_area` VALUES ('130403', '丛台区', '130400');
INSERT INTO `shop_area` VALUES ('130404', '复兴区', '130400');
INSERT INTO `shop_area` VALUES ('130406', '峰峰矿区', '130400');
INSERT INTO `shop_area` VALUES ('130421', '邯郸县', '130400');
INSERT INTO `shop_area` VALUES ('130423', '临漳县', '130400');
INSERT INTO `shop_area` VALUES ('130424', '成安县', '130400');
INSERT INTO `shop_area` VALUES ('130425', '大名县', '130400');
INSERT INTO `shop_area` VALUES ('130426', '涉县', '130400');
INSERT INTO `shop_area` VALUES ('130427', '磁县', '130400');
INSERT INTO `shop_area` VALUES ('130428', '肥乡县', '130400');
INSERT INTO `shop_area` VALUES ('130429', '永年县', '130400');
INSERT INTO `shop_area` VALUES ('130430', '邱县', '130400');
INSERT INTO `shop_area` VALUES ('130431', '鸡泽县', '130400');
INSERT INTO `shop_area` VALUES ('130432', '广平县', '130400');
INSERT INTO `shop_area` VALUES ('130433', '馆陶县', '130400');
INSERT INTO `shop_area` VALUES ('130434', '魏县', '130400');
INSERT INTO `shop_area` VALUES ('130435', '曲周县', '130400');
INSERT INTO `shop_area` VALUES ('130481', '武安市', '130400');
INSERT INTO `shop_area` VALUES ('130500', '邢台市', '130000');
INSERT INTO `shop_area` VALUES ('130502', '桥东区', '130500');
INSERT INTO `shop_area` VALUES ('130503', '桥西区', '130500');
INSERT INTO `shop_area` VALUES ('130521', '邢台县', '130500');
INSERT INTO `shop_area` VALUES ('130522', '临城县', '130500');
INSERT INTO `shop_area` VALUES ('130523', '内丘县', '130500');
INSERT INTO `shop_area` VALUES ('130524', '柏乡县', '130500');
INSERT INTO `shop_area` VALUES ('130525', '隆尧县', '130500');
INSERT INTO `shop_area` VALUES ('130526', '任县', '130500');
INSERT INTO `shop_area` VALUES ('130527', '南和县', '130500');
INSERT INTO `shop_area` VALUES ('130528', '宁晋县', '130500');
INSERT INTO `shop_area` VALUES ('130529', '巨鹿县', '130500');
INSERT INTO `shop_area` VALUES ('130530', '新河县', '130500');
INSERT INTO `shop_area` VALUES ('130531', '广宗县', '130500');
INSERT INTO `shop_area` VALUES ('130532', '平乡县', '130500');
INSERT INTO `shop_area` VALUES ('130533', '威县', '130500');
INSERT INTO `shop_area` VALUES ('130534', '清河县', '130500');
INSERT INTO `shop_area` VALUES ('130535', '临西县', '130500');
INSERT INTO `shop_area` VALUES ('130581', '南宫市', '130500');
INSERT INTO `shop_area` VALUES ('130582', '沙河市', '130500');
INSERT INTO `shop_area` VALUES ('130600', '保定市', '130000');
INSERT INTO `shop_area` VALUES ('130602', '新市区', '130600');
INSERT INTO `shop_area` VALUES ('130603', '北市区', '130600');
INSERT INTO `shop_area` VALUES ('130604', '南市区', '130600');
INSERT INTO `shop_area` VALUES ('130621', '满城县', '130600');
INSERT INTO `shop_area` VALUES ('130622', '清苑县', '130600');
INSERT INTO `shop_area` VALUES ('130623', '涞水县', '130600');
INSERT INTO `shop_area` VALUES ('130624', '阜平县', '130600');
INSERT INTO `shop_area` VALUES ('130625', '徐水县', '130600');
INSERT INTO `shop_area` VALUES ('130626', '定兴县', '130600');
INSERT INTO `shop_area` VALUES ('130627', '唐县', '130600');
INSERT INTO `shop_area` VALUES ('130628', '高阳县', '130600');
INSERT INTO `shop_area` VALUES ('130629', '容城县', '130600');
INSERT INTO `shop_area` VALUES ('130630', '涞源县', '130600');
INSERT INTO `shop_area` VALUES ('130631', '望都县', '130600');
INSERT INTO `shop_area` VALUES ('130632', '安新县', '130600');
INSERT INTO `shop_area` VALUES ('130633', '易县', '130600');
INSERT INTO `shop_area` VALUES ('130634', '曲阳县', '130600');
INSERT INTO `shop_area` VALUES ('130635', '蠡县', '130600');
INSERT INTO `shop_area` VALUES ('130636', '顺平县', '130600');
INSERT INTO `shop_area` VALUES ('130637', '博野县', '130600');
INSERT INTO `shop_area` VALUES ('130638', '雄县', '130600');
INSERT INTO `shop_area` VALUES ('130681', '涿州市', '130600');
INSERT INTO `shop_area` VALUES ('130682', '定州市', '130600');
INSERT INTO `shop_area` VALUES ('130683', '安国市', '130600');
INSERT INTO `shop_area` VALUES ('130684', '高碑店市', '130600');
INSERT INTO `shop_area` VALUES ('130700', '张家口市', '130000');
INSERT INTO `shop_area` VALUES ('130702', '桥东区', '130700');
INSERT INTO `shop_area` VALUES ('130703', '桥西区', '130700');
INSERT INTO `shop_area` VALUES ('130705', '宣化区', '130700');
INSERT INTO `shop_area` VALUES ('130706', '下花园区', '130700');
INSERT INTO `shop_area` VALUES ('130721', '宣化县', '130700');
INSERT INTO `shop_area` VALUES ('130722', '张北县', '130700');
INSERT INTO `shop_area` VALUES ('130723', '康保县', '130700');
INSERT INTO `shop_area` VALUES ('130724', '沽源县', '130700');
INSERT INTO `shop_area` VALUES ('130725', '尚义县', '130700');
INSERT INTO `shop_area` VALUES ('130726', '蔚县', '130700');
INSERT INTO `shop_area` VALUES ('130727', '阳原县', '130700');
INSERT INTO `shop_area` VALUES ('130728', '怀安县', '130700');
INSERT INTO `shop_area` VALUES ('130729', '万全县', '130700');
INSERT INTO `shop_area` VALUES ('130730', '怀来县', '130700');
INSERT INTO `shop_area` VALUES ('130731', '涿鹿县', '130700');
INSERT INTO `shop_area` VALUES ('130732', '赤城县', '130700');
INSERT INTO `shop_area` VALUES ('130733', '崇礼县', '130700');
INSERT INTO `shop_area` VALUES ('130800', '承德市', '130000');
INSERT INTO `shop_area` VALUES ('130802', '双桥区', '130800');
INSERT INTO `shop_area` VALUES ('130803', '双滦区', '130800');
INSERT INTO `shop_area` VALUES ('130804', '鹰手营子矿区', '130800');
INSERT INTO `shop_area` VALUES ('130821', '承德县', '130800');
INSERT INTO `shop_area` VALUES ('130822', '兴隆县', '130800');
INSERT INTO `shop_area` VALUES ('130823', '平泉县', '130800');
INSERT INTO `shop_area` VALUES ('130824', '滦平县', '130800');
INSERT INTO `shop_area` VALUES ('130825', '隆化县', '130800');
INSERT INTO `shop_area` VALUES ('130826', '丰宁满族自治县', '130800');
INSERT INTO `shop_area` VALUES ('130827', '宽城满族自治县', '130800');
INSERT INTO `shop_area` VALUES ('130828', '围场满族蒙古族自治县', '130800');
INSERT INTO `shop_area` VALUES ('130900', '沧州市', '130000');
INSERT INTO `shop_area` VALUES ('130902', '新华区', '130900');
INSERT INTO `shop_area` VALUES ('130903', '运河区', '130900');
INSERT INTO `shop_area` VALUES ('130921', '沧县', '130900');
INSERT INTO `shop_area` VALUES ('130922', '青县', '130900');
INSERT INTO `shop_area` VALUES ('130923', '东光县', '130900');
INSERT INTO `shop_area` VALUES ('130924', '海兴县', '130900');
INSERT INTO `shop_area` VALUES ('130925', '盐山县', '130900');
INSERT INTO `shop_area` VALUES ('130926', '肃宁县', '130900');
INSERT INTO `shop_area` VALUES ('130927', '南皮县', '130900');
INSERT INTO `shop_area` VALUES ('130928', '吴桥县', '130900');
INSERT INTO `shop_area` VALUES ('130929', '献县', '130900');
INSERT INTO `shop_area` VALUES ('130930', '孟村回族自治县', '130900');
INSERT INTO `shop_area` VALUES ('130981', '泊头市', '130900');
INSERT INTO `shop_area` VALUES ('130982', '任丘市', '130900');
INSERT INTO `shop_area` VALUES ('130983', '黄骅市', '130900');
INSERT INTO `shop_area` VALUES ('130984', '河间市', '130900');
INSERT INTO `shop_area` VALUES ('131000', '廊坊市', '130000');
INSERT INTO `shop_area` VALUES ('131002', '安次区', '131000');
INSERT INTO `shop_area` VALUES ('131003', '广阳区', '131000');
INSERT INTO `shop_area` VALUES ('131022', '固安县', '131000');
INSERT INTO `shop_area` VALUES ('131023', '永清县', '131000');
INSERT INTO `shop_area` VALUES ('131024', '香河县', '131000');
INSERT INTO `shop_area` VALUES ('131025', '大城县', '131000');
INSERT INTO `shop_area` VALUES ('131026', '文安县', '131000');
INSERT INTO `shop_area` VALUES ('131028', '大厂回族自治县', '131000');
INSERT INTO `shop_area` VALUES ('131081', '霸州市', '131000');
INSERT INTO `shop_area` VALUES ('131082', '三河市', '131000');
INSERT INTO `shop_area` VALUES ('131100', '衡水市', '130000');
INSERT INTO `shop_area` VALUES ('131102', '桃城区', '131100');
INSERT INTO `shop_area` VALUES ('131121', '枣强县', '131100');
INSERT INTO `shop_area` VALUES ('131122', '武邑县', '131100');
INSERT INTO `shop_area` VALUES ('131123', '武强县', '131100');
INSERT INTO `shop_area` VALUES ('131124', '饶阳县', '131100');
INSERT INTO `shop_area` VALUES ('131125', '安平县', '131100');
INSERT INTO `shop_area` VALUES ('131126', '故城县', '131100');
INSERT INTO `shop_area` VALUES ('131127', '景县', '131100');
INSERT INTO `shop_area` VALUES ('131128', '阜城县', '131100');
INSERT INTO `shop_area` VALUES ('131181', '冀州市', '131100');
INSERT INTO `shop_area` VALUES ('131182', '深州市', '131100');
INSERT INTO `shop_area` VALUES ('140000', '山西省', '0');
INSERT INTO `shop_area` VALUES ('140100', '太原市', '140000');
INSERT INTO `shop_area` VALUES ('140105', '小店区', '140100');
INSERT INTO `shop_area` VALUES ('140106', '迎泽区', '140100');
INSERT INTO `shop_area` VALUES ('140107', '杏花岭区', '140100');
INSERT INTO `shop_area` VALUES ('140108', '尖草坪区', '140100');
INSERT INTO `shop_area` VALUES ('140109', '万柏林区', '140100');
INSERT INTO `shop_area` VALUES ('140110', '晋源区', '140100');
INSERT INTO `shop_area` VALUES ('140121', '清徐县', '140100');
INSERT INTO `shop_area` VALUES ('140122', '阳曲县', '140100');
INSERT INTO `shop_area` VALUES ('140123', '娄烦县', '140100');
INSERT INTO `shop_area` VALUES ('140181', '古交市', '140100');
INSERT INTO `shop_area` VALUES ('140200', '大同市', '140000');
INSERT INTO `shop_area` VALUES ('140202', '城区', '140200');
INSERT INTO `shop_area` VALUES ('140203', '矿区', '140200');
INSERT INTO `shop_area` VALUES ('140211', '南郊区', '140200');
INSERT INTO `shop_area` VALUES ('140212', '新荣区', '140200');
INSERT INTO `shop_area` VALUES ('140221', '阳高县', '140200');
INSERT INTO `shop_area` VALUES ('140222', '天镇县', '140200');
INSERT INTO `shop_area` VALUES ('140223', '广灵县', '140200');
INSERT INTO `shop_area` VALUES ('140224', '灵丘县', '140200');
INSERT INTO `shop_area` VALUES ('140225', '浑源县', '140200');
INSERT INTO `shop_area` VALUES ('140226', '左云县', '140200');
INSERT INTO `shop_area` VALUES ('140227', '大同县', '140200');
INSERT INTO `shop_area` VALUES ('140300', '阳泉市', '140000');
INSERT INTO `shop_area` VALUES ('140302', '城区', '140300');
INSERT INTO `shop_area` VALUES ('140303', '矿区', '140300');
INSERT INTO `shop_area` VALUES ('140311', '郊区', '140300');
INSERT INTO `shop_area` VALUES ('140321', '平定县', '140300');
INSERT INTO `shop_area` VALUES ('140322', '盂县', '140300');
INSERT INTO `shop_area` VALUES ('140400', '长治市', '140000');
INSERT INTO `shop_area` VALUES ('140402', '城区', '140400');
INSERT INTO `shop_area` VALUES ('140411', '郊区', '140400');
INSERT INTO `shop_area` VALUES ('140421', '长治县', '140400');
INSERT INTO `shop_area` VALUES ('140423', '襄垣县', '140400');
INSERT INTO `shop_area` VALUES ('140424', '屯留县', '140400');
INSERT INTO `shop_area` VALUES ('140425', '平顺县', '140400');
INSERT INTO `shop_area` VALUES ('140426', '黎城县', '140400');
INSERT INTO `shop_area` VALUES ('140427', '壶关县', '140400');
INSERT INTO `shop_area` VALUES ('140428', '长子县', '140400');
INSERT INTO `shop_area` VALUES ('140429', '武乡县', '140400');
INSERT INTO `shop_area` VALUES ('140430', '沁县', '140400');
INSERT INTO `shop_area` VALUES ('140431', '沁源县', '140400');
INSERT INTO `shop_area` VALUES ('140481', '潞城市', '140400');
INSERT INTO `shop_area` VALUES ('140500', '晋城市', '140000');
INSERT INTO `shop_area` VALUES ('140502', '城区', '140500');
INSERT INTO `shop_area` VALUES ('140521', '沁水县', '140500');
INSERT INTO `shop_area` VALUES ('140522', '阳城县', '140500');
INSERT INTO `shop_area` VALUES ('140524', '陵川县', '140500');
INSERT INTO `shop_area` VALUES ('140525', '泽州县', '140500');
INSERT INTO `shop_area` VALUES ('140581', '高平市', '140500');
INSERT INTO `shop_area` VALUES ('140600', '朔州市', '140000');
INSERT INTO `shop_area` VALUES ('140602', '朔城区', '140600');
INSERT INTO `shop_area` VALUES ('140603', '平鲁区', '140600');
INSERT INTO `shop_area` VALUES ('140621', '山阴县', '140600');
INSERT INTO `shop_area` VALUES ('140622', '应县', '140600');
INSERT INTO `shop_area` VALUES ('140623', '右玉县', '140600');
INSERT INTO `shop_area` VALUES ('140624', '怀仁县', '140600');
INSERT INTO `shop_area` VALUES ('140700', '晋中市', '140000');
INSERT INTO `shop_area` VALUES ('140702', '榆次区', '140700');
INSERT INTO `shop_area` VALUES ('140721', '榆社县', '140700');
INSERT INTO `shop_area` VALUES ('140722', '左权县', '140700');
INSERT INTO `shop_area` VALUES ('140723', '和顺县', '140700');
INSERT INTO `shop_area` VALUES ('140724', '昔阳县', '140700');
INSERT INTO `shop_area` VALUES ('140725', '寿阳县', '140700');
INSERT INTO `shop_area` VALUES ('140726', '太谷县', '140700');
INSERT INTO `shop_area` VALUES ('140727', '祁县', '140700');
INSERT INTO `shop_area` VALUES ('140728', '平遥县', '140700');
INSERT INTO `shop_area` VALUES ('140729', '灵石县', '140700');
INSERT INTO `shop_area` VALUES ('140781', '介休市', '140700');
INSERT INTO `shop_area` VALUES ('140800', '运城市', '140000');
INSERT INTO `shop_area` VALUES ('140802', '盐湖区', '140800');
INSERT INTO `shop_area` VALUES ('140821', '临猗县', '140800');
INSERT INTO `shop_area` VALUES ('140822', '万荣县', '140800');
INSERT INTO `shop_area` VALUES ('140823', '闻喜县', '140800');
INSERT INTO `shop_area` VALUES ('140824', '稷山县', '140800');
INSERT INTO `shop_area` VALUES ('140825', '新绛县', '140800');
INSERT INTO `shop_area` VALUES ('140826', '绛县', '140800');
INSERT INTO `shop_area` VALUES ('140827', '垣曲县', '140800');
INSERT INTO `shop_area` VALUES ('140828', '夏县', '140800');
INSERT INTO `shop_area` VALUES ('140829', '平陆县', '140800');
INSERT INTO `shop_area` VALUES ('140830', '芮城县', '140800');
INSERT INTO `shop_area` VALUES ('140881', '永济市', '140800');
INSERT INTO `shop_area` VALUES ('140882', '河津市', '140800');
INSERT INTO `shop_area` VALUES ('140900', '忻州市', '140000');
INSERT INTO `shop_area` VALUES ('140902', '忻府区', '140900');
INSERT INTO `shop_area` VALUES ('140921', '定襄县', '140900');
INSERT INTO `shop_area` VALUES ('140922', '五台县', '140900');
INSERT INTO `shop_area` VALUES ('140923', '代县', '140900');
INSERT INTO `shop_area` VALUES ('140924', '繁峙县', '140900');
INSERT INTO `shop_area` VALUES ('140925', '宁武县', '140900');
INSERT INTO `shop_area` VALUES ('140926', '静乐县', '140900');
INSERT INTO `shop_area` VALUES ('140927', '神池县', '140900');
INSERT INTO `shop_area` VALUES ('140928', '五寨县', '140900');
INSERT INTO `shop_area` VALUES ('140929', '岢岚县', '140900');
INSERT INTO `shop_area` VALUES ('140930', '河曲县', '140900');
INSERT INTO `shop_area` VALUES ('140931', '保德县', '140900');
INSERT INTO `shop_area` VALUES ('140932', '偏关县', '140900');
INSERT INTO `shop_area` VALUES ('140981', '原平市', '140900');
INSERT INTO `shop_area` VALUES ('141000', '临汾市', '140000');
INSERT INTO `shop_area` VALUES ('141002', '尧都区', '141000');
INSERT INTO `shop_area` VALUES ('141021', '曲沃县', '141000');
INSERT INTO `shop_area` VALUES ('141022', '翼城县', '141000');
INSERT INTO `shop_area` VALUES ('141023', '襄汾县', '141000');
INSERT INTO `shop_area` VALUES ('141024', '洪洞县', '141000');
INSERT INTO `shop_area` VALUES ('141025', '古县', '141000');
INSERT INTO `shop_area` VALUES ('141026', '安泽县', '141000');
INSERT INTO `shop_area` VALUES ('141027', '浮山县', '141000');
INSERT INTO `shop_area` VALUES ('141028', '吉县', '141000');
INSERT INTO `shop_area` VALUES ('141029', '乡宁县', '141000');
INSERT INTO `shop_area` VALUES ('141030', '大宁县', '141000');
INSERT INTO `shop_area` VALUES ('141031', '隰县', '141000');
INSERT INTO `shop_area` VALUES ('141032', '永和县', '141000');
INSERT INTO `shop_area` VALUES ('141033', '蒲县', '141000');
INSERT INTO `shop_area` VALUES ('141034', '汾西县', '141000');
INSERT INTO `shop_area` VALUES ('141081', '侯马市', '141000');
INSERT INTO `shop_area` VALUES ('141082', '霍州市', '141000');
INSERT INTO `shop_area` VALUES ('141100', '吕梁市', '140000');
INSERT INTO `shop_area` VALUES ('141102', '离石区', '141100');
INSERT INTO `shop_area` VALUES ('141121', '文水县', '141100');
INSERT INTO `shop_area` VALUES ('141122', '交城县', '141100');
INSERT INTO `shop_area` VALUES ('141123', '兴县', '141100');
INSERT INTO `shop_area` VALUES ('141124', '临县', '141100');
INSERT INTO `shop_area` VALUES ('141125', '柳林县', '141100');
INSERT INTO `shop_area` VALUES ('141126', '石楼县', '141100');
INSERT INTO `shop_area` VALUES ('141127', '岚县', '141100');
INSERT INTO `shop_area` VALUES ('141128', '方山县', '141100');
INSERT INTO `shop_area` VALUES ('141129', '中阳县', '141100');
INSERT INTO `shop_area` VALUES ('141130', '交口县', '141100');
INSERT INTO `shop_area` VALUES ('141181', '孝义市', '141100');
INSERT INTO `shop_area` VALUES ('141182', '汾阳市', '141100');
INSERT INTO `shop_area` VALUES ('150000', '内蒙古自治区', '0');
INSERT INTO `shop_area` VALUES ('150100', '呼和浩特市', '150000');
INSERT INTO `shop_area` VALUES ('150102', '新城区', '150100');
INSERT INTO `shop_area` VALUES ('150103', '回民区', '150100');
INSERT INTO `shop_area` VALUES ('150104', '玉泉区', '150100');
INSERT INTO `shop_area` VALUES ('150105', '赛罕区', '150100');
INSERT INTO `shop_area` VALUES ('150121', '土默特左旗', '150100');
INSERT INTO `shop_area` VALUES ('150122', '托克托县', '150100');
INSERT INTO `shop_area` VALUES ('150123', '和林格尔县', '150100');
INSERT INTO `shop_area` VALUES ('150124', '清水河县', '150100');
INSERT INTO `shop_area` VALUES ('150125', '武川县', '150100');
INSERT INTO `shop_area` VALUES ('150200', '包头市', '150000');
INSERT INTO `shop_area` VALUES ('150202', '东河区', '150200');
INSERT INTO `shop_area` VALUES ('150203', '昆都仑区', '150200');
INSERT INTO `shop_area` VALUES ('150204', '青山区', '150200');
INSERT INTO `shop_area` VALUES ('150205', '石拐区', '150200');
INSERT INTO `shop_area` VALUES ('150206', '白云鄂博矿区', '150200');
INSERT INTO `shop_area` VALUES ('150207', '九原区', '150200');
INSERT INTO `shop_area` VALUES ('150221', '土默特右旗', '150200');
INSERT INTO `shop_area` VALUES ('150222', '固阳县', '150200');
INSERT INTO `shop_area` VALUES ('150223', '达尔罕茂明安联合旗', '150200');
INSERT INTO `shop_area` VALUES ('150300', '乌海市', '150000');
INSERT INTO `shop_area` VALUES ('150302', '海勃湾区', '150300');
INSERT INTO `shop_area` VALUES ('150303', '海南区', '150300');
INSERT INTO `shop_area` VALUES ('150304', '乌达区', '150300');
INSERT INTO `shop_area` VALUES ('150400', '赤峰市', '150000');
INSERT INTO `shop_area` VALUES ('150402', '红山区', '150400');
INSERT INTO `shop_area` VALUES ('150403', '元宝山区', '150400');
INSERT INTO `shop_area` VALUES ('150404', '松山区', '150400');
INSERT INTO `shop_area` VALUES ('150421', '阿鲁科尔沁旗', '150400');
INSERT INTO `shop_area` VALUES ('150422', '巴林左旗', '150400');
INSERT INTO `shop_area` VALUES ('150423', '巴林右旗', '150400');
INSERT INTO `shop_area` VALUES ('150424', '林西县', '150400');
INSERT INTO `shop_area` VALUES ('150425', '克什克腾旗', '150400');
INSERT INTO `shop_area` VALUES ('150426', '翁牛特旗', '150400');
INSERT INTO `shop_area` VALUES ('150428', '喀喇沁旗', '150400');
INSERT INTO `shop_area` VALUES ('150429', '宁城县', '150400');
INSERT INTO `shop_area` VALUES ('150430', '敖汉旗', '150400');
INSERT INTO `shop_area` VALUES ('150500', '通辽市', '150000');
INSERT INTO `shop_area` VALUES ('150502', '科尔沁区', '150500');
INSERT INTO `shop_area` VALUES ('150521', '科尔沁左翼中旗', '150500');
INSERT INTO `shop_area` VALUES ('150522', '科尔沁左翼后旗', '150500');
INSERT INTO `shop_area` VALUES ('150523', '开鲁县', '150500');
INSERT INTO `shop_area` VALUES ('150524', '库伦旗', '150500');
INSERT INTO `shop_area` VALUES ('150525', '奈曼旗', '150500');
INSERT INTO `shop_area` VALUES ('150526', '扎鲁特旗', '150500');
INSERT INTO `shop_area` VALUES ('150581', '霍林郭勒市', '150500');
INSERT INTO `shop_area` VALUES ('150600', '鄂尔多斯市', '150000');
INSERT INTO `shop_area` VALUES ('150602', '东胜区', '150600');
INSERT INTO `shop_area` VALUES ('150621', '达拉特旗', '150600');
INSERT INTO `shop_area` VALUES ('150622', '准格尔旗', '150600');
INSERT INTO `shop_area` VALUES ('150623', '鄂托克前旗', '150600');
INSERT INTO `shop_area` VALUES ('150624', '鄂托克旗', '150600');
INSERT INTO `shop_area` VALUES ('150625', '杭锦旗', '150600');
INSERT INTO `shop_area` VALUES ('150626', '乌审旗', '150600');
INSERT INTO `shop_area` VALUES ('150627', '伊金霍洛旗', '150600');
INSERT INTO `shop_area` VALUES ('150700', '呼伦贝尔市', '150000');
INSERT INTO `shop_area` VALUES ('150702', '海拉尔区', '150700');
INSERT INTO `shop_area` VALUES ('150703', '扎赉诺尔区', '150700');
INSERT INTO `shop_area` VALUES ('150721', '阿荣旗', '150700');
INSERT INTO `shop_area` VALUES ('150722', '莫力达瓦达斡尔族自治旗', '150700');
INSERT INTO `shop_area` VALUES ('150723', '鄂伦春自治旗', '150700');
INSERT INTO `shop_area` VALUES ('150724', '鄂温克族自治旗', '150700');
INSERT INTO `shop_area` VALUES ('150725', '陈巴尔虎旗', '150700');
INSERT INTO `shop_area` VALUES ('150726', '新巴尔虎左旗', '150700');
INSERT INTO `shop_area` VALUES ('150727', '新巴尔虎右旗', '150700');
INSERT INTO `shop_area` VALUES ('150781', '满洲里市', '150700');
INSERT INTO `shop_area` VALUES ('150782', '牙克石市', '150700');
INSERT INTO `shop_area` VALUES ('150783', '扎兰屯市', '150700');
INSERT INTO `shop_area` VALUES ('150784', '额尔古纳市', '150700');
INSERT INTO `shop_area` VALUES ('150785', '根河市', '150700');
INSERT INTO `shop_area` VALUES ('150800', '巴彦淖尔市', '150000');
INSERT INTO `shop_area` VALUES ('150802', '临河区', '150800');
INSERT INTO `shop_area` VALUES ('150821', '五原县', '150800');
INSERT INTO `shop_area` VALUES ('150822', '磴口县', '150800');
INSERT INTO `shop_area` VALUES ('150823', '乌拉特前旗', '150800');
INSERT INTO `shop_area` VALUES ('150824', '乌拉特中旗', '150800');
INSERT INTO `shop_area` VALUES ('150825', '乌拉特后旗', '150800');
INSERT INTO `shop_area` VALUES ('150826', '杭锦后旗', '150800');
INSERT INTO `shop_area` VALUES ('150900', '乌兰察布市', '150000');
INSERT INTO `shop_area` VALUES ('150902', '集宁区', '150900');
INSERT INTO `shop_area` VALUES ('150921', '卓资县', '150900');
INSERT INTO `shop_area` VALUES ('150922', '化德县', '150900');
INSERT INTO `shop_area` VALUES ('150923', '商都县', '150900');
INSERT INTO `shop_area` VALUES ('150924', '兴和县', '150900');
INSERT INTO `shop_area` VALUES ('150925', '凉城县', '150900');
INSERT INTO `shop_area` VALUES ('150926', '察哈尔右翼前旗', '150900');
INSERT INTO `shop_area` VALUES ('150927', '察哈尔右翼中旗', '150900');
INSERT INTO `shop_area` VALUES ('150928', '察哈尔右翼后旗', '150900');
INSERT INTO `shop_area` VALUES ('150929', '四子王旗', '150900');
INSERT INTO `shop_area` VALUES ('150981', '丰镇市', '150900');
INSERT INTO `shop_area` VALUES ('152200', '兴安盟', '150000');
INSERT INTO `shop_area` VALUES ('152201', '乌兰浩特市', '152200');
INSERT INTO `shop_area` VALUES ('152202', '阿尔山市', '152200');
INSERT INTO `shop_area` VALUES ('152221', '科尔沁右翼前旗', '152200');
INSERT INTO `shop_area` VALUES ('152222', '科尔沁右翼中旗', '152200');
INSERT INTO `shop_area` VALUES ('152223', '扎赉特旗', '152200');
INSERT INTO `shop_area` VALUES ('152224', '突泉县', '152200');
INSERT INTO `shop_area` VALUES ('152500', '锡林郭勒盟', '150000');
INSERT INTO `shop_area` VALUES ('152501', '二连浩特市', '152500');
INSERT INTO `shop_area` VALUES ('152502', '锡林浩特市', '152500');
INSERT INTO `shop_area` VALUES ('152522', '阿巴嘎旗', '152500');
INSERT INTO `shop_area` VALUES ('152523', '苏尼特左旗', '152500');
INSERT INTO `shop_area` VALUES ('152524', '苏尼特右旗', '152500');
INSERT INTO `shop_area` VALUES ('152525', '东乌珠穆沁旗', '152500');
INSERT INTO `shop_area` VALUES ('152526', '西乌珠穆沁旗', '152500');
INSERT INTO `shop_area` VALUES ('152527', '太仆寺旗', '152500');
INSERT INTO `shop_area` VALUES ('152528', '镶黄旗', '152500');
INSERT INTO `shop_area` VALUES ('152529', '正镶白旗', '152500');
INSERT INTO `shop_area` VALUES ('152530', '正蓝旗', '152500');
INSERT INTO `shop_area` VALUES ('152531', '多伦县', '152500');
INSERT INTO `shop_area` VALUES ('152900', '阿拉善盟', '150000');
INSERT INTO `shop_area` VALUES ('152921', '阿拉善左旗', '152900');
INSERT INTO `shop_area` VALUES ('152922', '阿拉善右旗', '152900');
INSERT INTO `shop_area` VALUES ('152923', '额济纳旗', '152900');
INSERT INTO `shop_area` VALUES ('210000', '辽宁省', '0');
INSERT INTO `shop_area` VALUES ('210100', '沈阳市', '210000');
INSERT INTO `shop_area` VALUES ('210102', '和平区', '210100');
INSERT INTO `shop_area` VALUES ('210103', '沈河区', '210100');
INSERT INTO `shop_area` VALUES ('210104', '大东区', '210100');
INSERT INTO `shop_area` VALUES ('210105', '皇姑区', '210100');
INSERT INTO `shop_area` VALUES ('210106', '铁西区', '210100');
INSERT INTO `shop_area` VALUES ('210111', '苏家屯区', '210100');
INSERT INTO `shop_area` VALUES ('210112', '浑南区', '210100');
INSERT INTO `shop_area` VALUES ('210113', '沈北新区', '210100');
INSERT INTO `shop_area` VALUES ('210114', '于洪区', '210100');
INSERT INTO `shop_area` VALUES ('210122', '辽中县', '210100');
INSERT INTO `shop_area` VALUES ('210123', '康平县', '210100');
INSERT INTO `shop_area` VALUES ('210124', '法库县', '210100');
INSERT INTO `shop_area` VALUES ('210181', '新民市', '210100');
INSERT INTO `shop_area` VALUES ('210200', '大连市', '210000');
INSERT INTO `shop_area` VALUES ('210202', '中山区', '210200');
INSERT INTO `shop_area` VALUES ('210203', '西岗区', '210200');
INSERT INTO `shop_area` VALUES ('210204', '沙河口区', '210200');
INSERT INTO `shop_area` VALUES ('210211', '甘井子区', '210200');
INSERT INTO `shop_area` VALUES ('210212', '旅顺口区', '210200');
INSERT INTO `shop_area` VALUES ('210213', '金州区', '210200');
INSERT INTO `shop_area` VALUES ('210224', '长海县', '210200');
INSERT INTO `shop_area` VALUES ('210281', '瓦房店市', '210200');
INSERT INTO `shop_area` VALUES ('210282', '普兰店市', '210200');
INSERT INTO `shop_area` VALUES ('210283', '庄河市', '210200');
INSERT INTO `shop_area` VALUES ('210300', '鞍山市', '210000');
INSERT INTO `shop_area` VALUES ('210302', '铁东区', '210300');
INSERT INTO `shop_area` VALUES ('210303', '铁西区', '210300');
INSERT INTO `shop_area` VALUES ('210304', '立山区', '210300');
INSERT INTO `shop_area` VALUES ('210311', '千山区', '210300');
INSERT INTO `shop_area` VALUES ('210321', '台安县', '210300');
INSERT INTO `shop_area` VALUES ('210323', '岫岩满族自治县', '210300');
INSERT INTO `shop_area` VALUES ('210381', '海城市', '210300');
INSERT INTO `shop_area` VALUES ('210400', '抚顺市', '210000');
INSERT INTO `shop_area` VALUES ('210402', '新抚区', '210400');
INSERT INTO `shop_area` VALUES ('210403', '东洲区', '210400');
INSERT INTO `shop_area` VALUES ('210404', '望花区', '210400');
INSERT INTO `shop_area` VALUES ('210411', '顺城区', '210400');
INSERT INTO `shop_area` VALUES ('210421', '抚顺县', '210400');
INSERT INTO `shop_area` VALUES ('210422', '新宾满族自治县', '210400');
INSERT INTO `shop_area` VALUES ('210423', '清原满族自治县', '210400');
INSERT INTO `shop_area` VALUES ('210500', '本溪市', '210000');
INSERT INTO `shop_area` VALUES ('210502', '平山区', '210500');
INSERT INTO `shop_area` VALUES ('210503', '溪湖区', '210500');
INSERT INTO `shop_area` VALUES ('210504', '明山区', '210500');
INSERT INTO `shop_area` VALUES ('210505', '南芬区', '210500');
INSERT INTO `shop_area` VALUES ('210521', '本溪满族自治县', '210500');
INSERT INTO `shop_area` VALUES ('210522', '桓仁满族自治县', '210500');
INSERT INTO `shop_area` VALUES ('210600', '丹东市', '210000');
INSERT INTO `shop_area` VALUES ('210602', '元宝区', '210600');
INSERT INTO `shop_area` VALUES ('210603', '振兴区', '210600');
INSERT INTO `shop_area` VALUES ('210604', '振安区', '210600');
INSERT INTO `shop_area` VALUES ('210624', '宽甸满族自治县', '210600');
INSERT INTO `shop_area` VALUES ('210681', '东港市', '210600');
INSERT INTO `shop_area` VALUES ('210682', '凤城市', '210600');
INSERT INTO `shop_area` VALUES ('210700', '锦州市', '210000');
INSERT INTO `shop_area` VALUES ('210702', '古塔区', '210700');
INSERT INTO `shop_area` VALUES ('210703', '凌河区', '210700');
INSERT INTO `shop_area` VALUES ('210711', '太和区', '210700');
INSERT INTO `shop_area` VALUES ('210726', '黑山县', '210700');
INSERT INTO `shop_area` VALUES ('210727', '义县', '210700');
INSERT INTO `shop_area` VALUES ('210781', '凌海市', '210700');
INSERT INTO `shop_area` VALUES ('210782', '北镇市', '210700');
INSERT INTO `shop_area` VALUES ('210800', '营口市', '210000');
INSERT INTO `shop_area` VALUES ('210802', '站前区', '210800');
INSERT INTO `shop_area` VALUES ('210803', '西市区', '210800');
INSERT INTO `shop_area` VALUES ('210804', '鲅鱼圈区', '210800');
INSERT INTO `shop_area` VALUES ('210811', '老边区', '210800');
INSERT INTO `shop_area` VALUES ('210881', '盖州市', '210800');
INSERT INTO `shop_area` VALUES ('210882', '大石桥市', '210800');
INSERT INTO `shop_area` VALUES ('210900', '阜新市', '210000');
INSERT INTO `shop_area` VALUES ('210902', '海州区', '210900');
INSERT INTO `shop_area` VALUES ('210903', '新邱区', '210900');
INSERT INTO `shop_area` VALUES ('210904', '太平区', '210900');
INSERT INTO `shop_area` VALUES ('210905', '清河门区', '210900');
INSERT INTO `shop_area` VALUES ('210911', '细河区', '210900');
INSERT INTO `shop_area` VALUES ('210921', '阜新蒙古族自治县', '210900');
INSERT INTO `shop_area` VALUES ('210922', '彰武县', '210900');
INSERT INTO `shop_area` VALUES ('211000', '辽阳市', '210000');
INSERT INTO `shop_area` VALUES ('211002', '白塔区', '211000');
INSERT INTO `shop_area` VALUES ('211003', '文圣区', '211000');
INSERT INTO `shop_area` VALUES ('211004', '宏伟区', '211000');
INSERT INTO `shop_area` VALUES ('211005', '弓长岭区', '211000');
INSERT INTO `shop_area` VALUES ('211011', '太子河区', '211000');
INSERT INTO `shop_area` VALUES ('211021', '辽阳县', '211000');
INSERT INTO `shop_area` VALUES ('211081', '灯塔市', '211000');
INSERT INTO `shop_area` VALUES ('211100', '盘锦市', '210000');
INSERT INTO `shop_area` VALUES ('211102', '双台子区', '211100');
INSERT INTO `shop_area` VALUES ('211103', '兴隆台区', '211100');
INSERT INTO `shop_area` VALUES ('211121', '大洼县', '211100');
INSERT INTO `shop_area` VALUES ('211122', '盘山县', '211100');
INSERT INTO `shop_area` VALUES ('211200', '铁岭市', '210000');
INSERT INTO `shop_area` VALUES ('211202', '银州区', '211200');
INSERT INTO `shop_area` VALUES ('211204', '清河区', '211200');
INSERT INTO `shop_area` VALUES ('211221', '铁岭县', '211200');
INSERT INTO `shop_area` VALUES ('211223', '西丰县', '211200');
INSERT INTO `shop_area` VALUES ('211224', '昌图县', '211200');
INSERT INTO `shop_area` VALUES ('211281', '调兵山市', '211200');
INSERT INTO `shop_area` VALUES ('211282', '开原市', '211200');
INSERT INTO `shop_area` VALUES ('211300', '朝阳市', '210000');
INSERT INTO `shop_area` VALUES ('211302', '双塔区', '211300');
INSERT INTO `shop_area` VALUES ('211303', '龙城区', '211300');
INSERT INTO `shop_area` VALUES ('211321', '朝阳县', '211300');
INSERT INTO `shop_area` VALUES ('211322', '建平县', '211300');
INSERT INTO `shop_area` VALUES ('211324', '喀喇沁左翼蒙古族自治县', '211300');
INSERT INTO `shop_area` VALUES ('211381', '北票市', '211300');
INSERT INTO `shop_area` VALUES ('211382', '凌源市', '211300');
INSERT INTO `shop_area` VALUES ('211400', '葫芦岛市', '210000');
INSERT INTO `shop_area` VALUES ('211402', '连山区', '211400');
INSERT INTO `shop_area` VALUES ('211403', '龙港区', '211400');
INSERT INTO `shop_area` VALUES ('211404', '南票区', '211400');
INSERT INTO `shop_area` VALUES ('211421', '绥中县', '211400');
INSERT INTO `shop_area` VALUES ('211422', '建昌县', '211400');
INSERT INTO `shop_area` VALUES ('211481', '兴城市', '211400');
INSERT INTO `shop_area` VALUES ('211500', '金普新区', '210000');
INSERT INTO `shop_area` VALUES ('211501', '金州新区', '211500');
INSERT INTO `shop_area` VALUES ('211502', '普湾新区', '211500');
INSERT INTO `shop_area` VALUES ('211503', '保税区', '211500');
INSERT INTO `shop_area` VALUES ('220000', '吉林省', '0');
INSERT INTO `shop_area` VALUES ('220100', '长春市', '220000');
INSERT INTO `shop_area` VALUES ('220102', '南关区', '220100');
INSERT INTO `shop_area` VALUES ('220103', '宽城区', '220100');
INSERT INTO `shop_area` VALUES ('220104', '朝阳区', '220100');
INSERT INTO `shop_area` VALUES ('220105', '二道区', '220100');
INSERT INTO `shop_area` VALUES ('220106', '绿园区', '220100');
INSERT INTO `shop_area` VALUES ('220112', '双阳区', '220100');
INSERT INTO `shop_area` VALUES ('220113', '九台区', '220100');
INSERT INTO `shop_area` VALUES ('220122', '农安县', '220100');
INSERT INTO `shop_area` VALUES ('220182', '榆树市', '220100');
INSERT INTO `shop_area` VALUES ('220183', '德惠市', '220100');
INSERT INTO `shop_area` VALUES ('220200', '吉林市', '220000');
INSERT INTO `shop_area` VALUES ('220202', '昌邑区', '220200');
INSERT INTO `shop_area` VALUES ('220203', '龙潭区', '220200');
INSERT INTO `shop_area` VALUES ('220204', '船营区', '220200');
INSERT INTO `shop_area` VALUES ('220211', '丰满区', '220200');
INSERT INTO `shop_area` VALUES ('220221', '永吉县', '220200');
INSERT INTO `shop_area` VALUES ('220281', '蛟河市', '220200');
INSERT INTO `shop_area` VALUES ('220282', '桦甸市', '220200');
INSERT INTO `shop_area` VALUES ('220283', '舒兰市', '220200');
INSERT INTO `shop_area` VALUES ('220284', '磐石市', '220200');
INSERT INTO `shop_area` VALUES ('220300', '四平市', '220000');
INSERT INTO `shop_area` VALUES ('220302', '铁西区', '220300');
INSERT INTO `shop_area` VALUES ('220303', '铁东区', '220300');
INSERT INTO `shop_area` VALUES ('220322', '梨树县', '220300');
INSERT INTO `shop_area` VALUES ('220323', '伊通满族自治县', '220300');
INSERT INTO `shop_area` VALUES ('220381', '公主岭市', '220300');
INSERT INTO `shop_area` VALUES ('220382', '双辽市', '220300');
INSERT INTO `shop_area` VALUES ('220400', '辽源市', '220000');
INSERT INTO `shop_area` VALUES ('220402', '龙山区', '220400');
INSERT INTO `shop_area` VALUES ('220403', '西安区', '220400');
INSERT INTO `shop_area` VALUES ('220421', '东丰县', '220400');
INSERT INTO `shop_area` VALUES ('220422', '东辽县', '220400');
INSERT INTO `shop_area` VALUES ('220500', '通化市', '220000');
INSERT INTO `shop_area` VALUES ('220502', '东昌区', '220500');
INSERT INTO `shop_area` VALUES ('220503', '二道江区', '220500');
INSERT INTO `shop_area` VALUES ('220521', '通化县', '220500');
INSERT INTO `shop_area` VALUES ('220523', '辉南县', '220500');
INSERT INTO `shop_area` VALUES ('220524', '柳河县', '220500');
INSERT INTO `shop_area` VALUES ('220581', '梅河口市', '220500');
INSERT INTO `shop_area` VALUES ('220582', '集安市', '220500');
INSERT INTO `shop_area` VALUES ('220600', '白山市', '220000');
INSERT INTO `shop_area` VALUES ('220602', '浑江区', '220600');
INSERT INTO `shop_area` VALUES ('220605', '江源区', '220600');
INSERT INTO `shop_area` VALUES ('220621', '抚松县', '220600');
INSERT INTO `shop_area` VALUES ('220622', '靖宇县', '220600');
INSERT INTO `shop_area` VALUES ('220623', '长白朝鲜族自治县', '220600');
INSERT INTO `shop_area` VALUES ('220681', '临江市', '220600');
INSERT INTO `shop_area` VALUES ('220700', '松原市', '220000');
INSERT INTO `shop_area` VALUES ('220702', '宁江区', '220700');
INSERT INTO `shop_area` VALUES ('220721', '前郭尔罗斯蒙古族自治县', '220700');
INSERT INTO `shop_area` VALUES ('220722', '长岭县', '220700');
INSERT INTO `shop_area` VALUES ('220723', '乾安县', '220700');
INSERT INTO `shop_area` VALUES ('220781', '扶余市', '220700');
INSERT INTO `shop_area` VALUES ('220800', '白城市', '220000');
INSERT INTO `shop_area` VALUES ('220802', '洮北区', '220800');
INSERT INTO `shop_area` VALUES ('220821', '镇赉县', '220800');
INSERT INTO `shop_area` VALUES ('220822', '通榆县', '220800');
INSERT INTO `shop_area` VALUES ('220881', '洮南市', '220800');
INSERT INTO `shop_area` VALUES ('220882', '大安市', '220800');
INSERT INTO `shop_area` VALUES ('222400', '延边朝鲜族自治州', '220000');
INSERT INTO `shop_area` VALUES ('222401', '延吉市', '222400');
INSERT INTO `shop_area` VALUES ('222402', '图们市', '222400');
INSERT INTO `shop_area` VALUES ('222403', '敦化市', '222400');
INSERT INTO `shop_area` VALUES ('222404', '珲春市', '222400');
INSERT INTO `shop_area` VALUES ('222405', '龙井市', '222400');
INSERT INTO `shop_area` VALUES ('222406', '和龙市', '222400');
INSERT INTO `shop_area` VALUES ('222424', '汪清县', '222400');
INSERT INTO `shop_area` VALUES ('222426', '安图县', '222400');
INSERT INTO `shop_area` VALUES ('230000', '黑龙江省', '0');
INSERT INTO `shop_area` VALUES ('230100', '哈尔滨市', '230000');
INSERT INTO `shop_area` VALUES ('230102', '道里区', '230100');
INSERT INTO `shop_area` VALUES ('230103', '南岗区', '230100');
INSERT INTO `shop_area` VALUES ('230104', '道外区', '230100');
INSERT INTO `shop_area` VALUES ('230108', '平房区', '230100');
INSERT INTO `shop_area` VALUES ('230109', '松北区', '230100');
INSERT INTO `shop_area` VALUES ('230110', '香坊区', '230100');
INSERT INTO `shop_area` VALUES ('230111', '呼兰区', '230100');
INSERT INTO `shop_area` VALUES ('230112', '阿城区', '230100');
INSERT INTO `shop_area` VALUES ('230113', '双城区', '230100');
INSERT INTO `shop_area` VALUES ('230123', '依兰县', '230100');
INSERT INTO `shop_area` VALUES ('230124', '方正县', '230100');
INSERT INTO `shop_area` VALUES ('230125', '宾县', '230100');
INSERT INTO `shop_area` VALUES ('230126', '巴彦县', '230100');
INSERT INTO `shop_area` VALUES ('230127', '木兰县', '230100');
INSERT INTO `shop_area` VALUES ('230128', '通河县', '230100');
INSERT INTO `shop_area` VALUES ('230129', '延寿县', '230100');
INSERT INTO `shop_area` VALUES ('230183', '尚志市', '230100');
INSERT INTO `shop_area` VALUES ('230184', '五常市', '230100');
INSERT INTO `shop_area` VALUES ('230200', '齐齐哈尔市', '230000');
INSERT INTO `shop_area` VALUES ('230202', '龙沙区', '230200');
INSERT INTO `shop_area` VALUES ('230203', '建华区', '230200');
INSERT INTO `shop_area` VALUES ('230204', '铁锋区', '230200');
INSERT INTO `shop_area` VALUES ('230205', '昂昂溪区', '230200');
INSERT INTO `shop_area` VALUES ('230206', '富拉尔基区', '230200');
INSERT INTO `shop_area` VALUES ('230207', '碾子山区', '230200');
INSERT INTO `shop_area` VALUES ('230208', '梅里斯达斡尔族区', '230200');
INSERT INTO `shop_area` VALUES ('230221', '龙江县', '230200');
INSERT INTO `shop_area` VALUES ('230223', '依安县', '230200');
INSERT INTO `shop_area` VALUES ('230224', '泰来县', '230200');
INSERT INTO `shop_area` VALUES ('230225', '甘南县', '230200');
INSERT INTO `shop_area` VALUES ('230227', '富裕县', '230200');
INSERT INTO `shop_area` VALUES ('230229', '克山县', '230200');
INSERT INTO `shop_area` VALUES ('230230', '克东县', '230200');
INSERT INTO `shop_area` VALUES ('230231', '拜泉县', '230200');
INSERT INTO `shop_area` VALUES ('230281', '讷河市', '230200');
INSERT INTO `shop_area` VALUES ('230300', '鸡西市', '230000');
INSERT INTO `shop_area` VALUES ('230302', '鸡冠区', '230300');
INSERT INTO `shop_area` VALUES ('230303', '恒山区', '230300');
INSERT INTO `shop_area` VALUES ('230304', '滴道区', '230300');
INSERT INTO `shop_area` VALUES ('230305', '梨树区', '230300');
INSERT INTO `shop_area` VALUES ('230306', '城子河区', '230300');
INSERT INTO `shop_area` VALUES ('230307', '麻山区', '230300');
INSERT INTO `shop_area` VALUES ('230321', '鸡东县', '230300');
INSERT INTO `shop_area` VALUES ('230381', '虎林市', '230300');
INSERT INTO `shop_area` VALUES ('230382', '密山市', '230300');
INSERT INTO `shop_area` VALUES ('230400', '鹤岗市', '230000');
INSERT INTO `shop_area` VALUES ('230402', '向阳区', '230400');
INSERT INTO `shop_area` VALUES ('230403', '工农区', '230400');
INSERT INTO `shop_area` VALUES ('230404', '南山区', '230400');
INSERT INTO `shop_area` VALUES ('230405', '兴安区', '230400');
INSERT INTO `shop_area` VALUES ('230406', '东山区', '230400');
INSERT INTO `shop_area` VALUES ('230407', '兴山区', '230400');
INSERT INTO `shop_area` VALUES ('230421', '萝北县', '230400');
INSERT INTO `shop_area` VALUES ('230422', '绥滨县', '230400');
INSERT INTO `shop_area` VALUES ('230500', '双鸭山市', '230000');
INSERT INTO `shop_area` VALUES ('230502', '尖山区', '230500');
INSERT INTO `shop_area` VALUES ('230503', '岭东区', '230500');
INSERT INTO `shop_area` VALUES ('230505', '四方台区', '230500');
INSERT INTO `shop_area` VALUES ('230506', '宝山区', '230500');
INSERT INTO `shop_area` VALUES ('230521', '集贤县', '230500');
INSERT INTO `shop_area` VALUES ('230522', '友谊县', '230500');
INSERT INTO `shop_area` VALUES ('230523', '宝清县', '230500');
INSERT INTO `shop_area` VALUES ('230524', '饶河县', '230500');
INSERT INTO `shop_area` VALUES ('230600', '大庆市', '230000');
INSERT INTO `shop_area` VALUES ('230602', '萨尔图区', '230600');
INSERT INTO `shop_area` VALUES ('230603', '龙凤区', '230600');
INSERT INTO `shop_area` VALUES ('230604', '让胡路区', '230600');
INSERT INTO `shop_area` VALUES ('230605', '红岗区', '230600');
INSERT INTO `shop_area` VALUES ('230606', '大同区', '230600');
INSERT INTO `shop_area` VALUES ('230621', '肇州县', '230600');
INSERT INTO `shop_area` VALUES ('230622', '肇源县', '230600');
INSERT INTO `shop_area` VALUES ('230623', '林甸县', '230600');
INSERT INTO `shop_area` VALUES ('230624', '杜尔伯特蒙古族自治县', '230600');
INSERT INTO `shop_area` VALUES ('230700', '伊春市', '230000');
INSERT INTO `shop_area` VALUES ('230702', '伊春区', '230700');
INSERT INTO `shop_area` VALUES ('230703', '南岔区', '230700');
INSERT INTO `shop_area` VALUES ('230704', '友好区', '230700');
INSERT INTO `shop_area` VALUES ('230705', '西林区', '230700');
INSERT INTO `shop_area` VALUES ('230706', '翠峦区', '230700');
INSERT INTO `shop_area` VALUES ('230707', '新青区', '230700');
INSERT INTO `shop_area` VALUES ('230708', '美溪区', '230700');
INSERT INTO `shop_area` VALUES ('230709', '金山屯区', '230700');
INSERT INTO `shop_area` VALUES ('230710', '五营区', '230700');
INSERT INTO `shop_area` VALUES ('230711', '乌马河区', '230700');
INSERT INTO `shop_area` VALUES ('230712', '汤旺河区', '230700');
INSERT INTO `shop_area` VALUES ('230713', '带岭区', '230700');
INSERT INTO `shop_area` VALUES ('230714', '乌伊岭区', '230700');
INSERT INTO `shop_area` VALUES ('230715', '红星区', '230700');
INSERT INTO `shop_area` VALUES ('230716', '上甘岭区', '230700');
INSERT INTO `shop_area` VALUES ('230722', '嘉荫县', '230700');
INSERT INTO `shop_area` VALUES ('230781', '铁力市', '230700');
INSERT INTO `shop_area` VALUES ('230800', '佳木斯市', '230000');
INSERT INTO `shop_area` VALUES ('230803', '向阳区', '230800');
INSERT INTO `shop_area` VALUES ('230804', '前进区', '230800');
INSERT INTO `shop_area` VALUES ('230805', '东风区', '230800');
INSERT INTO `shop_area` VALUES ('230811', '郊区', '230800');
INSERT INTO `shop_area` VALUES ('230822', '桦南县', '230800');
INSERT INTO `shop_area` VALUES ('230826', '桦川县', '230800');
INSERT INTO `shop_area` VALUES ('230828', '汤原县', '230800');
INSERT INTO `shop_area` VALUES ('230833', '抚远县', '230800');
INSERT INTO `shop_area` VALUES ('230881', '同江市', '230800');
INSERT INTO `shop_area` VALUES ('230882', '富锦市', '230800');
INSERT INTO `shop_area` VALUES ('230900', '七台河市', '230000');
INSERT INTO `shop_area` VALUES ('230902', '新兴区', '230900');
INSERT INTO `shop_area` VALUES ('230903', '桃山区', '230900');
INSERT INTO `shop_area` VALUES ('230904', '茄子河区', '230900');
INSERT INTO `shop_area` VALUES ('230921', '勃利县', '230900');
INSERT INTO `shop_area` VALUES ('231000', '牡丹江市', '230000');
INSERT INTO `shop_area` VALUES ('231002', '东安区', '231000');
INSERT INTO `shop_area` VALUES ('231003', '阳明区', '231000');
INSERT INTO `shop_area` VALUES ('231004', '爱民区', '231000');
INSERT INTO `shop_area` VALUES ('231005', '西安区', '231000');
INSERT INTO `shop_area` VALUES ('231024', '东宁县', '231000');
INSERT INTO `shop_area` VALUES ('231025', '林口县', '231000');
INSERT INTO `shop_area` VALUES ('231081', '绥芬河市', '231000');
INSERT INTO `shop_area` VALUES ('231083', '海林市', '231000');
INSERT INTO `shop_area` VALUES ('231084', '宁安市', '231000');
INSERT INTO `shop_area` VALUES ('231085', '穆棱市', '231000');
INSERT INTO `shop_area` VALUES ('231100', '黑河市', '230000');
INSERT INTO `shop_area` VALUES ('231102', '爱辉区', '231100');
INSERT INTO `shop_area` VALUES ('231121', '嫩江县', '231100');
INSERT INTO `shop_area` VALUES ('231123', '逊克县', '231100');
INSERT INTO `shop_area` VALUES ('231124', '孙吴县', '231100');
INSERT INTO `shop_area` VALUES ('231181', '北安市', '231100');
INSERT INTO `shop_area` VALUES ('231182', '五大连池市', '231100');
INSERT INTO `shop_area` VALUES ('231200', '绥化市', '230000');
INSERT INTO `shop_area` VALUES ('231202', '北林区', '231200');
INSERT INTO `shop_area` VALUES ('231221', '望奎县', '231200');
INSERT INTO `shop_area` VALUES ('231222', '兰西县', '231200');
INSERT INTO `shop_area` VALUES ('231223', '青冈县', '231200');
INSERT INTO `shop_area` VALUES ('231224', '庆安县', '231200');
INSERT INTO `shop_area` VALUES ('231225', '明水县', '231200');
INSERT INTO `shop_area` VALUES ('231226', '绥棱县', '231200');
INSERT INTO `shop_area` VALUES ('231281', '安达市', '231200');
INSERT INTO `shop_area` VALUES ('231282', '肇东市', '231200');
INSERT INTO `shop_area` VALUES ('231283', '海伦市', '231200');
INSERT INTO `shop_area` VALUES ('232700', '大兴安岭地区', '230000');
INSERT INTO `shop_area` VALUES ('232701', '加格达奇区', '232700');
INSERT INTO `shop_area` VALUES ('232702', '新林区', '232700');
INSERT INTO `shop_area` VALUES ('232703', '松岭区', '232700');
INSERT INTO `shop_area` VALUES ('232704', '呼中区', '232700');
INSERT INTO `shop_area` VALUES ('232721', '呼玛县', '232700');
INSERT INTO `shop_area` VALUES ('232722', '塔河县', '232700');
INSERT INTO `shop_area` VALUES ('232723', '漠河县', '232700');
INSERT INTO `shop_area` VALUES ('310000', '上海', '0');
INSERT INTO `shop_area` VALUES ('310100', '上海市', '310000');
INSERT INTO `shop_area` VALUES ('310101', '黄浦区', '310100');
INSERT INTO `shop_area` VALUES ('310104', '徐汇区', '310100');
INSERT INTO `shop_area` VALUES ('310105', '长宁区', '310100');
INSERT INTO `shop_area` VALUES ('310106', '静安区', '310100');
INSERT INTO `shop_area` VALUES ('310107', '普陀区', '310100');
INSERT INTO `shop_area` VALUES ('310108', '闸北区', '310100');
INSERT INTO `shop_area` VALUES ('310109', '虹口区', '310100');
INSERT INTO `shop_area` VALUES ('310110', '杨浦区', '310100');
INSERT INTO `shop_area` VALUES ('310112', '闵行区', '310100');
INSERT INTO `shop_area` VALUES ('310113', '宝山区', '310100');
INSERT INTO `shop_area` VALUES ('310114', '嘉定区', '310100');
INSERT INTO `shop_area` VALUES ('310115', '浦东新区', '310100');
INSERT INTO `shop_area` VALUES ('310116', '金山区', '310100');
INSERT INTO `shop_area` VALUES ('310117', '松江区', '310100');
INSERT INTO `shop_area` VALUES ('310118', '青浦区', '310100');
INSERT INTO `shop_area` VALUES ('310120', '奉贤区', '310100');
INSERT INTO `shop_area` VALUES ('310230', '崇明县', '310100');
INSERT INTO `shop_area` VALUES ('320000', '江苏省', '0');
INSERT INTO `shop_area` VALUES ('320100', '南京市', '320000');
INSERT INTO `shop_area` VALUES ('320102', '玄武区', '320100');
INSERT INTO `shop_area` VALUES ('320104', '秦淮区', '320100');
INSERT INTO `shop_area` VALUES ('320105', '建邺区', '320100');
INSERT INTO `shop_area` VALUES ('320106', '鼓楼区', '320100');
INSERT INTO `shop_area` VALUES ('320111', '浦口区', '320100');
INSERT INTO `shop_area` VALUES ('320113', '栖霞区', '320100');
INSERT INTO `shop_area` VALUES ('320114', '雨花台区', '320100');
INSERT INTO `shop_area` VALUES ('320115', '江宁区', '320100');
INSERT INTO `shop_area` VALUES ('320116', '六合区', '320100');
INSERT INTO `shop_area` VALUES ('320117', '溧水区', '320100');
INSERT INTO `shop_area` VALUES ('320118', '高淳区', '320100');
INSERT INTO `shop_area` VALUES ('320200', '无锡市', '320000');
INSERT INTO `shop_area` VALUES ('320202', '崇安区', '320200');
INSERT INTO `shop_area` VALUES ('320203', '南长区', '320200');
INSERT INTO `shop_area` VALUES ('320204', '北塘区', '320200');
INSERT INTO `shop_area` VALUES ('320205', '锡山区', '320200');
INSERT INTO `shop_area` VALUES ('320206', '惠山区', '320200');
INSERT INTO `shop_area` VALUES ('320211', '滨湖区', '320200');
INSERT INTO `shop_area` VALUES ('320281', '江阴市', '320200');
INSERT INTO `shop_area` VALUES ('320282', '宜兴市', '320200');
INSERT INTO `shop_area` VALUES ('320300', '徐州市', '320000');
INSERT INTO `shop_area` VALUES ('320302', '鼓楼区', '320300');
INSERT INTO `shop_area` VALUES ('320303', '云龙区', '320300');
INSERT INTO `shop_area` VALUES ('320305', '贾汪区', '320300');
INSERT INTO `shop_area` VALUES ('320311', '泉山区', '320300');
INSERT INTO `shop_area` VALUES ('320312', '铜山区', '320300');
INSERT INTO `shop_area` VALUES ('320321', '丰县', '320300');
INSERT INTO `shop_area` VALUES ('320322', '沛县', '320300');
INSERT INTO `shop_area` VALUES ('320324', '睢宁县', '320300');
INSERT INTO `shop_area` VALUES ('320381', '新沂市', '320300');
INSERT INTO `shop_area` VALUES ('320382', '邳州市', '320300');
INSERT INTO `shop_area` VALUES ('320400', '常州市', '320000');
INSERT INTO `shop_area` VALUES ('320402', '天宁区', '320400');
INSERT INTO `shop_area` VALUES ('320404', '钟楼区', '320400');
INSERT INTO `shop_area` VALUES ('320405', '戚墅堰区', '320400');
INSERT INTO `shop_area` VALUES ('320411', '新北区', '320400');
INSERT INTO `shop_area` VALUES ('320412', '武进区', '320400');
INSERT INTO `shop_area` VALUES ('320481', '溧阳市', '320400');
INSERT INTO `shop_area` VALUES ('320482', '金坛市', '320400');
INSERT INTO `shop_area` VALUES ('320500', '苏州市', '320000');
INSERT INTO `shop_area` VALUES ('320505', '虎丘区', '320500');
INSERT INTO `shop_area` VALUES ('320506', '吴中区', '320500');
INSERT INTO `shop_area` VALUES ('320507', '相城区', '320500');
INSERT INTO `shop_area` VALUES ('320508', '姑苏区', '320500');
INSERT INTO `shop_area` VALUES ('320509', '吴江区', '320500');
INSERT INTO `shop_area` VALUES ('320581', '常熟市', '320500');
INSERT INTO `shop_area` VALUES ('320582', '张家港市', '320500');
INSERT INTO `shop_area` VALUES ('320583', '昆山市', '320500');
INSERT INTO `shop_area` VALUES ('320585', '太仓市', '320500');
INSERT INTO `shop_area` VALUES ('320600', '南通市', '320000');
INSERT INTO `shop_area` VALUES ('320602', '崇川区', '320600');
INSERT INTO `shop_area` VALUES ('320611', '港闸区', '320600');
INSERT INTO `shop_area` VALUES ('320612', '通州区', '320600');
INSERT INTO `shop_area` VALUES ('320621', '海安县', '320600');
INSERT INTO `shop_area` VALUES ('320623', '如东县', '320600');
INSERT INTO `shop_area` VALUES ('320681', '启东市', '320600');
INSERT INTO `shop_area` VALUES ('320682', '如皋市', '320600');
INSERT INTO `shop_area` VALUES ('320684', '海门市', '320600');
INSERT INTO `shop_area` VALUES ('320700', '连云港市', '320000');
INSERT INTO `shop_area` VALUES ('320703', '连云区', '320700');
INSERT INTO `shop_area` VALUES ('320706', '海州区', '320700');
INSERT INTO `shop_area` VALUES ('320707', '赣榆区', '320700');
INSERT INTO `shop_area` VALUES ('320722', '东海县', '320700');
INSERT INTO `shop_area` VALUES ('320723', '灌云县', '320700');
INSERT INTO `shop_area` VALUES ('320724', '灌南县', '320700');
INSERT INTO `shop_area` VALUES ('320800', '淮安市', '320000');
INSERT INTO `shop_area` VALUES ('320802', '清河区', '320800');
INSERT INTO `shop_area` VALUES ('320803', '淮安区', '320800');
INSERT INTO `shop_area` VALUES ('320804', '淮阴区', '320800');
INSERT INTO `shop_area` VALUES ('320811', '清浦区', '320800');
INSERT INTO `shop_area` VALUES ('320826', '涟水县', '320800');
INSERT INTO `shop_area` VALUES ('320829', '洪泽县', '320800');
INSERT INTO `shop_area` VALUES ('320830', '盱眙县', '320800');
INSERT INTO `shop_area` VALUES ('320831', '金湖县', '320800');
INSERT INTO `shop_area` VALUES ('320900', '盐城市', '320000');
INSERT INTO `shop_area` VALUES ('320902', '亭湖区', '320900');
INSERT INTO `shop_area` VALUES ('320903', '盐都区', '320900');
INSERT INTO `shop_area` VALUES ('320921', '响水县', '320900');
INSERT INTO `shop_area` VALUES ('320922', '滨海县', '320900');
INSERT INTO `shop_area` VALUES ('320923', '阜宁县', '320900');
INSERT INTO `shop_area` VALUES ('320924', '射阳县', '320900');
INSERT INTO `shop_area` VALUES ('320925', '建湖县', '320900');
INSERT INTO `shop_area` VALUES ('320981', '东台市', '320900');
INSERT INTO `shop_area` VALUES ('320982', '大丰市', '320900');
INSERT INTO `shop_area` VALUES ('321000', '扬州市', '320000');
INSERT INTO `shop_area` VALUES ('321002', '广陵区', '321000');
INSERT INTO `shop_area` VALUES ('321003', '邗江区', '321000');
INSERT INTO `shop_area` VALUES ('321012', '江都区', '321000');
INSERT INTO `shop_area` VALUES ('321023', '宝应县', '321000');
INSERT INTO `shop_area` VALUES ('321081', '仪征市', '321000');
INSERT INTO `shop_area` VALUES ('321084', '高邮市', '321000');
INSERT INTO `shop_area` VALUES ('321100', '镇江市', '320000');
INSERT INTO `shop_area` VALUES ('321102', '京口区', '321100');
INSERT INTO `shop_area` VALUES ('321111', '润州区', '321100');
INSERT INTO `shop_area` VALUES ('321112', '丹徒区', '321100');
INSERT INTO `shop_area` VALUES ('321181', '丹阳市', '321100');
INSERT INTO `shop_area` VALUES ('321182', '扬中市', '321100');
INSERT INTO `shop_area` VALUES ('321183', '句容市', '321100');
INSERT INTO `shop_area` VALUES ('321200', '泰州市', '320000');
INSERT INTO `shop_area` VALUES ('321202', '海陵区', '321200');
INSERT INTO `shop_area` VALUES ('321203', '高港区', '321200');
INSERT INTO `shop_area` VALUES ('321204', '姜堰区', '321200');
INSERT INTO `shop_area` VALUES ('321281', '兴化市', '321200');
INSERT INTO `shop_area` VALUES ('321282', '靖江市', '321200');
INSERT INTO `shop_area` VALUES ('321283', '泰兴市', '321200');
INSERT INTO `shop_area` VALUES ('321300', '宿迁市', '320000');
INSERT INTO `shop_area` VALUES ('321302', '宿城区', '321300');
INSERT INTO `shop_area` VALUES ('321311', '宿豫区', '321300');
INSERT INTO `shop_area` VALUES ('321322', '沭阳县', '321300');
INSERT INTO `shop_area` VALUES ('321323', '泗阳县', '321300');
INSERT INTO `shop_area` VALUES ('321324', '泗洪县', '321300');
INSERT INTO `shop_area` VALUES ('330000', '浙江省', '0');
INSERT INTO `shop_area` VALUES ('330100', '杭州市', '330000');
INSERT INTO `shop_area` VALUES ('330102', '上城区', '330100');
INSERT INTO `shop_area` VALUES ('330103', '下城区', '330100');
INSERT INTO `shop_area` VALUES ('330104', '江干区', '330100');
INSERT INTO `shop_area` VALUES ('330105', '拱墅区', '330100');
INSERT INTO `shop_area` VALUES ('330106', '西湖区', '330100');
INSERT INTO `shop_area` VALUES ('330108', '滨江区', '330100');
INSERT INTO `shop_area` VALUES ('330109', '萧山区', '330100');
INSERT INTO `shop_area` VALUES ('330110', '余杭区', '330100');
INSERT INTO `shop_area` VALUES ('330122', '桐庐县', '330100');
INSERT INTO `shop_area` VALUES ('330127', '淳安县', '330100');
INSERT INTO `shop_area` VALUES ('330182', '建德市', '330100');
INSERT INTO `shop_area` VALUES ('330183', '富阳区', '330100');
INSERT INTO `shop_area` VALUES ('330185', '临安市', '330100');
INSERT INTO `shop_area` VALUES ('330200', '宁波市', '330000');
INSERT INTO `shop_area` VALUES ('330203', '海曙区', '330200');
INSERT INTO `shop_area` VALUES ('330204', '江东区', '330200');
INSERT INTO `shop_area` VALUES ('330205', '江北区', '330200');
INSERT INTO `shop_area` VALUES ('330206', '北仑区', '330200');
INSERT INTO `shop_area` VALUES ('330211', '镇海区', '330200');
INSERT INTO `shop_area` VALUES ('330212', '鄞州区', '330200');
INSERT INTO `shop_area` VALUES ('330225', '象山县', '330200');
INSERT INTO `shop_area` VALUES ('330226', '宁海县', '330200');
INSERT INTO `shop_area` VALUES ('330281', '余姚市', '330200');
INSERT INTO `shop_area` VALUES ('330282', '慈溪市', '330200');
INSERT INTO `shop_area` VALUES ('330283', '奉化市', '330200');
INSERT INTO `shop_area` VALUES ('330300', '温州市', '330000');
INSERT INTO `shop_area` VALUES ('330302', '鹿城区', '330300');
INSERT INTO `shop_area` VALUES ('330303', '龙湾区', '330300');
INSERT INTO `shop_area` VALUES ('330304', '瓯海区', '330300');
INSERT INTO `shop_area` VALUES ('330322', '洞头县', '330300');
INSERT INTO `shop_area` VALUES ('330324', '永嘉县', '330300');
INSERT INTO `shop_area` VALUES ('330326', '平阳县', '330300');
INSERT INTO `shop_area` VALUES ('330327', '苍南县', '330300');
INSERT INTO `shop_area` VALUES ('330328', '文成县', '330300');
INSERT INTO `shop_area` VALUES ('330329', '泰顺县', '330300');
INSERT INTO `shop_area` VALUES ('330381', '瑞安市', '330300');
INSERT INTO `shop_area` VALUES ('330382', '乐清市', '330300');
INSERT INTO `shop_area` VALUES ('330400', '嘉兴市', '330000');
INSERT INTO `shop_area` VALUES ('330402', '南湖区', '330400');
INSERT INTO `shop_area` VALUES ('330411', '秀洲区', '330400');
INSERT INTO `shop_area` VALUES ('330421', '嘉善县', '330400');
INSERT INTO `shop_area` VALUES ('330424', '海盐县', '330400');
INSERT INTO `shop_area` VALUES ('330481', '海宁市', '330400');
INSERT INTO `shop_area` VALUES ('330482', '平湖市', '330400');
INSERT INTO `shop_area` VALUES ('330483', '桐乡市', '330400');
INSERT INTO `shop_area` VALUES ('330500', '湖州市', '330000');
INSERT INTO `shop_area` VALUES ('330502', '吴兴区', '330500');
INSERT INTO `shop_area` VALUES ('330503', '南浔区', '330500');
INSERT INTO `shop_area` VALUES ('330521', '德清县', '330500');
INSERT INTO `shop_area` VALUES ('330522', '长兴县', '330500');
INSERT INTO `shop_area` VALUES ('330523', '安吉县', '330500');
INSERT INTO `shop_area` VALUES ('330600', '绍兴市', '330000');
INSERT INTO `shop_area` VALUES ('330602', '越城区', '330600');
INSERT INTO `shop_area` VALUES ('330603', '柯桥区', '330600');
INSERT INTO `shop_area` VALUES ('330604', '上虞区', '330600');
INSERT INTO `shop_area` VALUES ('330624', '新昌县', '330600');
INSERT INTO `shop_area` VALUES ('330681', '诸暨市', '330600');
INSERT INTO `shop_area` VALUES ('330683', '嵊州市', '330600');
INSERT INTO `shop_area` VALUES ('330700', '金华市', '330000');
INSERT INTO `shop_area` VALUES ('330702', '婺城区', '330700');
INSERT INTO `shop_area` VALUES ('330703', '金东区', '330700');
INSERT INTO `shop_area` VALUES ('330723', '武义县', '330700');
INSERT INTO `shop_area` VALUES ('330726', '浦江县', '330700');
INSERT INTO `shop_area` VALUES ('330727', '磐安县', '330700');
INSERT INTO `shop_area` VALUES ('330781', '兰溪市', '330700');
INSERT INTO `shop_area` VALUES ('330782', '义乌市', '330700');
INSERT INTO `shop_area` VALUES ('330783', '东阳市', '330700');
INSERT INTO `shop_area` VALUES ('330784', '永康市', '330700');
INSERT INTO `shop_area` VALUES ('330800', '衢州市', '330000');
INSERT INTO `shop_area` VALUES ('330802', '柯城区', '330800');
INSERT INTO `shop_area` VALUES ('330803', '衢江区', '330800');
INSERT INTO `shop_area` VALUES ('330822', '常山县', '330800');
INSERT INTO `shop_area` VALUES ('330824', '开化县', '330800');
INSERT INTO `shop_area` VALUES ('330825', '龙游县', '330800');
INSERT INTO `shop_area` VALUES ('330881', '江山市', '330800');
INSERT INTO `shop_area` VALUES ('330900', '舟山市', '330000');
INSERT INTO `shop_area` VALUES ('330902', '定海区', '330900');
INSERT INTO `shop_area` VALUES ('330903', '普陀区', '330900');
INSERT INTO `shop_area` VALUES ('330921', '岱山县', '330900');
INSERT INTO `shop_area` VALUES ('330922', '嵊泗县', '330900');
INSERT INTO `shop_area` VALUES ('331000', '台州市', '330000');
INSERT INTO `shop_area` VALUES ('331002', '椒江区', '331000');
INSERT INTO `shop_area` VALUES ('331003', '黄岩区', '331000');
INSERT INTO `shop_area` VALUES ('331004', '路桥区', '331000');
INSERT INTO `shop_area` VALUES ('331021', '玉环县', '331000');
INSERT INTO `shop_area` VALUES ('331022', '三门县', '331000');
INSERT INTO `shop_area` VALUES ('331023', '天台县', '331000');
INSERT INTO `shop_area` VALUES ('331024', '仙居县', '331000');
INSERT INTO `shop_area` VALUES ('331081', '温岭市', '331000');
INSERT INTO `shop_area` VALUES ('331082', '临海市', '331000');
INSERT INTO `shop_area` VALUES ('331100', '丽水市', '330000');
INSERT INTO `shop_area` VALUES ('331102', '莲都区', '331100');
INSERT INTO `shop_area` VALUES ('331121', '青田县', '331100');
INSERT INTO `shop_area` VALUES ('331122', '缙云县', '331100');
INSERT INTO `shop_area` VALUES ('331123', '遂昌县', '331100');
INSERT INTO `shop_area` VALUES ('331124', '松阳县', '331100');
INSERT INTO `shop_area` VALUES ('331125', '云和县', '331100');
INSERT INTO `shop_area` VALUES ('331126', '庆元县', '331100');
INSERT INTO `shop_area` VALUES ('331127', '景宁畲族自治县', '331100');
INSERT INTO `shop_area` VALUES ('331181', '龙泉市', '331100');
INSERT INTO `shop_area` VALUES ('331200', '舟山群岛新区', '330000');
INSERT INTO `shop_area` VALUES ('331201', '金塘岛', '331200');
INSERT INTO `shop_area` VALUES ('331202', '六横岛', '331200');
INSERT INTO `shop_area` VALUES ('331203', '衢山岛', '331200');
INSERT INTO `shop_area` VALUES ('331204', '舟山本岛西北部', '331200');
INSERT INTO `shop_area` VALUES ('331205', '岱山岛西南部', '331200');
INSERT INTO `shop_area` VALUES ('331206', '泗礁岛', '331200');
INSERT INTO `shop_area` VALUES ('331207', '朱家尖岛', '331200');
INSERT INTO `shop_area` VALUES ('331208', '洋山岛', '331200');
INSERT INTO `shop_area` VALUES ('331209', '长涂岛', '331200');
INSERT INTO `shop_area` VALUES ('331210', '虾峙岛', '331200');
INSERT INTO `shop_area` VALUES ('340000', '安徽省', '0');
INSERT INTO `shop_area` VALUES ('340100', '合肥市', '340000');
INSERT INTO `shop_area` VALUES ('340102', '瑶海区', '340100');
INSERT INTO `shop_area` VALUES ('340103', '庐阳区', '340100');
INSERT INTO `shop_area` VALUES ('340104', '蜀山区', '340100');
INSERT INTO `shop_area` VALUES ('340111', '包河区', '340100');
INSERT INTO `shop_area` VALUES ('340121', '长丰县', '340100');
INSERT INTO `shop_area` VALUES ('340122', '肥东县', '340100');
INSERT INTO `shop_area` VALUES ('340123', '肥西县', '340100');
INSERT INTO `shop_area` VALUES ('340124', '庐江县', '340100');
INSERT INTO `shop_area` VALUES ('340181', '巢湖市', '340100');
INSERT INTO `shop_area` VALUES ('340200', '芜湖市', '340000');
INSERT INTO `shop_area` VALUES ('340202', '镜湖区', '340200');
INSERT INTO `shop_area` VALUES ('340203', '弋江区', '340200');
INSERT INTO `shop_area` VALUES ('340207', '鸠江区', '340200');
INSERT INTO `shop_area` VALUES ('340208', '三山区', '340200');
INSERT INTO `shop_area` VALUES ('340221', '芜湖县', '340200');
INSERT INTO `shop_area` VALUES ('340222', '繁昌县', '340200');
INSERT INTO `shop_area` VALUES ('340223', '南陵县', '340200');
INSERT INTO `shop_area` VALUES ('340225', '无为县', '340200');
INSERT INTO `shop_area` VALUES ('340300', '蚌埠市', '340000');
INSERT INTO `shop_area` VALUES ('340302', '龙子湖区', '340300');
INSERT INTO `shop_area` VALUES ('340303', '蚌山区', '340300');
INSERT INTO `shop_area` VALUES ('340304', '禹会区', '340300');
INSERT INTO `shop_area` VALUES ('340311', '淮上区', '340300');
INSERT INTO `shop_area` VALUES ('340321', '怀远县', '340300');
INSERT INTO `shop_area` VALUES ('340322', '五河县', '340300');
INSERT INTO `shop_area` VALUES ('340323', '固镇县', '340300');
INSERT INTO `shop_area` VALUES ('340400', '淮南市', '340000');
INSERT INTO `shop_area` VALUES ('340402', '大通区', '340400');
INSERT INTO `shop_area` VALUES ('340403', '田家庵区', '340400');
INSERT INTO `shop_area` VALUES ('340404', '谢家集区', '340400');
INSERT INTO `shop_area` VALUES ('340405', '八公山区', '340400');
INSERT INTO `shop_area` VALUES ('340406', '潘集区', '340400');
INSERT INTO `shop_area` VALUES ('340421', '凤台县', '340400');
INSERT INTO `shop_area` VALUES ('340500', '马鞍山市', '340000');
INSERT INTO `shop_area` VALUES ('340503', '花山区', '340500');
INSERT INTO `shop_area` VALUES ('340504', '雨山区', '340500');
INSERT INTO `shop_area` VALUES ('340506', '博望区', '340500');
INSERT INTO `shop_area` VALUES ('340521', '当涂县', '340500');
INSERT INTO `shop_area` VALUES ('340522', '含山县', '340500');
INSERT INTO `shop_area` VALUES ('340523', '和县', '340500');
INSERT INTO `shop_area` VALUES ('340600', '淮北市', '340000');
INSERT INTO `shop_area` VALUES ('340602', '杜集区', '340600');
INSERT INTO `shop_area` VALUES ('340603', '相山区', '340600');
INSERT INTO `shop_area` VALUES ('340604', '烈山区', '340600');
INSERT INTO `shop_area` VALUES ('340621', '濉溪县', '340600');
INSERT INTO `shop_area` VALUES ('340700', '铜陵市', '340000');
INSERT INTO `shop_area` VALUES ('340702', '铜官山区', '340700');
INSERT INTO `shop_area` VALUES ('340703', '狮子山区', '340700');
INSERT INTO `shop_area` VALUES ('340711', '郊区', '340700');
INSERT INTO `shop_area` VALUES ('340721', '铜陵县', '340700');
INSERT INTO `shop_area` VALUES ('340800', '安庆市', '340000');
INSERT INTO `shop_area` VALUES ('340802', '迎江区', '340800');
INSERT INTO `shop_area` VALUES ('340803', '大观区', '340800');
INSERT INTO `shop_area` VALUES ('340811', '宜秀区', '340800');
INSERT INTO `shop_area` VALUES ('340822', '怀宁县', '340800');
INSERT INTO `shop_area` VALUES ('340823', '枞阳县', '340800');
INSERT INTO `shop_area` VALUES ('340824', '潜山县', '340800');
INSERT INTO `shop_area` VALUES ('340825', '太湖县', '340800');
INSERT INTO `shop_area` VALUES ('340826', '宿松县', '340800');
INSERT INTO `shop_area` VALUES ('340827', '望江县', '340800');
INSERT INTO `shop_area` VALUES ('340828', '岳西县', '340800');
INSERT INTO `shop_area` VALUES ('340881', '桐城市', '340800');
INSERT INTO `shop_area` VALUES ('341000', '黄山市', '340000');
INSERT INTO `shop_area` VALUES ('341002', '屯溪区', '341000');
INSERT INTO `shop_area` VALUES ('341003', '黄山区', '341000');
INSERT INTO `shop_area` VALUES ('341004', '徽州区', '341000');
INSERT INTO `shop_area` VALUES ('341021', '歙县', '341000');
INSERT INTO `shop_area` VALUES ('341022', '休宁县', '341000');
INSERT INTO `shop_area` VALUES ('341023', '黟县', '341000');
INSERT INTO `shop_area` VALUES ('341024', '祁门县', '341000');
INSERT INTO `shop_area` VALUES ('341100', '滁州市', '340000');
INSERT INTO `shop_area` VALUES ('341102', '琅琊区', '341100');
INSERT INTO `shop_area` VALUES ('341103', '南谯区', '341100');
INSERT INTO `shop_area` VALUES ('341122', '来安县', '341100');
INSERT INTO `shop_area` VALUES ('341124', '全椒县', '341100');
INSERT INTO `shop_area` VALUES ('341125', '定远县', '341100');
INSERT INTO `shop_area` VALUES ('341126', '凤阳县', '341100');
INSERT INTO `shop_area` VALUES ('341181', '天长市', '341100');
INSERT INTO `shop_area` VALUES ('341182', '明光市', '341100');
INSERT INTO `shop_area` VALUES ('341200', '阜阳市', '340000');
INSERT INTO `shop_area` VALUES ('341202', '颍州区', '341200');
INSERT INTO `shop_area` VALUES ('341203', '颍东区', '341200');
INSERT INTO `shop_area` VALUES ('341204', '颍泉区', '341200');
INSERT INTO `shop_area` VALUES ('341221', '临泉县', '341200');
INSERT INTO `shop_area` VALUES ('341222', '太和县', '341200');
INSERT INTO `shop_area` VALUES ('341225', '阜南县', '341200');
INSERT INTO `shop_area` VALUES ('341226', '颍上县', '341200');
INSERT INTO `shop_area` VALUES ('341282', '界首市', '341200');
INSERT INTO `shop_area` VALUES ('341300', '宿州市', '340000');
INSERT INTO `shop_area` VALUES ('341302', '埇桥区', '341300');
INSERT INTO `shop_area` VALUES ('341321', '砀山县', '341300');
INSERT INTO `shop_area` VALUES ('341322', '萧县', '341300');
INSERT INTO `shop_area` VALUES ('341323', '灵璧县', '341300');
INSERT INTO `shop_area` VALUES ('341324', '泗县', '341300');
INSERT INTO `shop_area` VALUES ('341500', '六安市', '340000');
INSERT INTO `shop_area` VALUES ('341502', '金安区', '341500');
INSERT INTO `shop_area` VALUES ('341503', '裕安区', '341500');
INSERT INTO `shop_area` VALUES ('341521', '寿县', '341500');
INSERT INTO `shop_area` VALUES ('341522', '霍邱县', '341500');
INSERT INTO `shop_area` VALUES ('341523', '舒城县', '341500');
INSERT INTO `shop_area` VALUES ('341524', '金寨县', '341500');
INSERT INTO `shop_area` VALUES ('341525', '霍山县', '341500');
INSERT INTO `shop_area` VALUES ('341600', '亳州市', '340000');
INSERT INTO `shop_area` VALUES ('341602', '谯城区', '341600');
INSERT INTO `shop_area` VALUES ('341621', '涡阳县', '341600');
INSERT INTO `shop_area` VALUES ('341622', '蒙城县', '341600');
INSERT INTO `shop_area` VALUES ('341623', '利辛县', '341600');
INSERT INTO `shop_area` VALUES ('341700', '池州市', '340000');
INSERT INTO `shop_area` VALUES ('341702', '贵池区', '341700');
INSERT INTO `shop_area` VALUES ('341721', '东至县', '341700');
INSERT INTO `shop_area` VALUES ('341722', '石台县', '341700');
INSERT INTO `shop_area` VALUES ('341723', '青阳县', '341700');
INSERT INTO `shop_area` VALUES ('341800', '宣城市', '340000');
INSERT INTO `shop_area` VALUES ('341802', '宣州区', '341800');
INSERT INTO `shop_area` VALUES ('341821', '郎溪县', '341800');
INSERT INTO `shop_area` VALUES ('341822', '广德县', '341800');
INSERT INTO `shop_area` VALUES ('341823', '泾县', '341800');
INSERT INTO `shop_area` VALUES ('341824', '绩溪县', '341800');
INSERT INTO `shop_area` VALUES ('341825', '旌德县', '341800');
INSERT INTO `shop_area` VALUES ('341881', '宁国市', '341800');
INSERT INTO `shop_area` VALUES ('350000', '福建省', '0');
INSERT INTO `shop_area` VALUES ('350100', '福州市', '350000');
INSERT INTO `shop_area` VALUES ('350102', '鼓楼区', '350100');
INSERT INTO `shop_area` VALUES ('350103', '台江区', '350100');
INSERT INTO `shop_area` VALUES ('350104', '仓山区', '350100');
INSERT INTO `shop_area` VALUES ('350105', '马尾区', '350100');
INSERT INTO `shop_area` VALUES ('350111', '晋安区', '350100');
INSERT INTO `shop_area` VALUES ('350121', '闽侯县', '350100');
INSERT INTO `shop_area` VALUES ('350122', '连江县', '350100');
INSERT INTO `shop_area` VALUES ('350123', '罗源县', '350100');
INSERT INTO `shop_area` VALUES ('350124', '闽清县', '350100');
INSERT INTO `shop_area` VALUES ('350125', '永泰县', '350100');
INSERT INTO `shop_area` VALUES ('350128', '平潭县', '350100');
INSERT INTO `shop_area` VALUES ('350181', '福清市', '350100');
INSERT INTO `shop_area` VALUES ('350182', '长乐市', '350100');
INSERT INTO `shop_area` VALUES ('350200', '厦门市', '350000');
INSERT INTO `shop_area` VALUES ('350203', '思明区', '350200');
INSERT INTO `shop_area` VALUES ('350205', '海沧区', '350200');
INSERT INTO `shop_area` VALUES ('350206', '湖里区', '350200');
INSERT INTO `shop_area` VALUES ('350211', '集美区', '350200');
INSERT INTO `shop_area` VALUES ('350212', '同安区', '350200');
INSERT INTO `shop_area` VALUES ('350213', '翔安区', '350200');
INSERT INTO `shop_area` VALUES ('350300', '莆田市', '350000');
INSERT INTO `shop_area` VALUES ('350302', '城厢区', '350300');
INSERT INTO `shop_area` VALUES ('350303', '涵江区', '350300');
INSERT INTO `shop_area` VALUES ('350304', '荔城区', '350300');
INSERT INTO `shop_area` VALUES ('350305', '秀屿区', '350300');
INSERT INTO `shop_area` VALUES ('350322', '仙游县', '350300');
INSERT INTO `shop_area` VALUES ('350400', '三明市', '350000');
INSERT INTO `shop_area` VALUES ('350402', '梅列区', '350400');
INSERT INTO `shop_area` VALUES ('350403', '三元区', '350400');
INSERT INTO `shop_area` VALUES ('350421', '明溪县', '350400');
INSERT INTO `shop_area` VALUES ('350423', '清流县', '350400');
INSERT INTO `shop_area` VALUES ('350424', '宁化县', '350400');
INSERT INTO `shop_area` VALUES ('350425', '大田县', '350400');
INSERT INTO `shop_area` VALUES ('350426', '尤溪县', '350400');
INSERT INTO `shop_area` VALUES ('350427', '沙县', '350400');
INSERT INTO `shop_area` VALUES ('350428', '将乐县', '350400');
INSERT INTO `shop_area` VALUES ('350429', '泰宁县', '350400');
INSERT INTO `shop_area` VALUES ('350430', '建宁县', '350400');
INSERT INTO `shop_area` VALUES ('350481', '永安市', '350400');
INSERT INTO `shop_area` VALUES ('350500', '泉州市', '350000');
INSERT INTO `shop_area` VALUES ('350502', '鲤城区', '350500');
INSERT INTO `shop_area` VALUES ('350503', '丰泽区', '350500');
INSERT INTO `shop_area` VALUES ('350504', '洛江区', '350500');
INSERT INTO `shop_area` VALUES ('350505', '泉港区', '350500');
INSERT INTO `shop_area` VALUES ('350521', '惠安县', '350500');
INSERT INTO `shop_area` VALUES ('350524', '安溪县', '350500');
INSERT INTO `shop_area` VALUES ('350525', '永春县', '350500');
INSERT INTO `shop_area` VALUES ('350526', '德化县', '350500');
INSERT INTO `shop_area` VALUES ('350527', '金门县', '350500');
INSERT INTO `shop_area` VALUES ('350581', '石狮市', '350500');
INSERT INTO `shop_area` VALUES ('350582', '晋江市', '350500');
INSERT INTO `shop_area` VALUES ('350583', '南安市', '350500');
INSERT INTO `shop_area` VALUES ('350600', '漳州市', '350000');
INSERT INTO `shop_area` VALUES ('350602', '芗城区', '350600');
INSERT INTO `shop_area` VALUES ('350603', '龙文区', '350600');
INSERT INTO `shop_area` VALUES ('350622', '云霄县', '350600');
INSERT INTO `shop_area` VALUES ('350623', '漳浦县', '350600');
INSERT INTO `shop_area` VALUES ('350624', '诏安县', '350600');
INSERT INTO `shop_area` VALUES ('350625', '长泰县', '350600');
INSERT INTO `shop_area` VALUES ('350626', '东山县', '350600');
INSERT INTO `shop_area` VALUES ('350627', '南靖县', '350600');
INSERT INTO `shop_area` VALUES ('350628', '平和县', '350600');
INSERT INTO `shop_area` VALUES ('350629', '华安县', '350600');
INSERT INTO `shop_area` VALUES ('350681', '龙海市', '350600');
INSERT INTO `shop_area` VALUES ('350700', '南平市', '350000');
INSERT INTO `shop_area` VALUES ('350702', '延平区', '350700');
INSERT INTO `shop_area` VALUES ('350703', '建阳区', '350700');
INSERT INTO `shop_area` VALUES ('350721', '顺昌县', '350700');
INSERT INTO `shop_area` VALUES ('350722', '浦城县', '350700');
INSERT INTO `shop_area` VALUES ('350723', '光泽县', '350700');
INSERT INTO `shop_area` VALUES ('350724', '松溪县', '350700');
INSERT INTO `shop_area` VALUES ('350725', '政和县', '350700');
INSERT INTO `shop_area` VALUES ('350781', '邵武市', '350700');
INSERT INTO `shop_area` VALUES ('350782', '武夷山市', '350700');
INSERT INTO `shop_area` VALUES ('350783', '建瓯市', '350700');
INSERT INTO `shop_area` VALUES ('350800', '龙岩市', '350000');
INSERT INTO `shop_area` VALUES ('350802', '新罗区', '350800');
INSERT INTO `shop_area` VALUES ('350821', '长汀县', '350800');
INSERT INTO `shop_area` VALUES ('350822', '永定区', '350800');
INSERT INTO `shop_area` VALUES ('350823', '上杭县', '350800');
INSERT INTO `shop_area` VALUES ('350824', '武平县', '350800');
INSERT INTO `shop_area` VALUES ('350825', '连城县', '350800');
INSERT INTO `shop_area` VALUES ('350881', '漳平市', '350800');
INSERT INTO `shop_area` VALUES ('350900', '宁德市', '350000');
INSERT INTO `shop_area` VALUES ('350902', '蕉城区', '350900');
INSERT INTO `shop_area` VALUES ('350921', '霞浦县', '350900');
INSERT INTO `shop_area` VALUES ('350922', '古田县', '350900');
INSERT INTO `shop_area` VALUES ('350923', '屏南县', '350900');
INSERT INTO `shop_area` VALUES ('350924', '寿宁县', '350900');
INSERT INTO `shop_area` VALUES ('350925', '周宁县', '350900');
INSERT INTO `shop_area` VALUES ('350926', '柘荣县', '350900');
INSERT INTO `shop_area` VALUES ('350981', '福安市', '350900');
INSERT INTO `shop_area` VALUES ('350982', '福鼎市', '350900');
INSERT INTO `shop_area` VALUES ('360000', '江西省', '0');
INSERT INTO `shop_area` VALUES ('360100', '南昌市', '360000');
INSERT INTO `shop_area` VALUES ('360102', '东湖区', '360100');
INSERT INTO `shop_area` VALUES ('360103', '西湖区', '360100');
INSERT INTO `shop_area` VALUES ('360104', '青云谱区', '360100');
INSERT INTO `shop_area` VALUES ('360105', '湾里区', '360100');
INSERT INTO `shop_area` VALUES ('360111', '青山湖区', '360100');
INSERT INTO `shop_area` VALUES ('360121', '南昌县', '360100');
INSERT INTO `shop_area` VALUES ('360122', '新建县', '360100');
INSERT INTO `shop_area` VALUES ('360123', '安义县', '360100');
INSERT INTO `shop_area` VALUES ('360124', '进贤县', '360100');
INSERT INTO `shop_area` VALUES ('360200', '景德镇市', '360000');
INSERT INTO `shop_area` VALUES ('360202', '昌江区', '360200');
INSERT INTO `shop_area` VALUES ('360203', '珠山区', '360200');
INSERT INTO `shop_area` VALUES ('360222', '浮梁县', '360200');
INSERT INTO `shop_area` VALUES ('360281', '乐平市', '360200');
INSERT INTO `shop_area` VALUES ('360300', '萍乡市', '360000');
INSERT INTO `shop_area` VALUES ('360302', '安源区', '360300');
INSERT INTO `shop_area` VALUES ('360313', '湘东区', '360300');
INSERT INTO `shop_area` VALUES ('360321', '莲花县', '360300');
INSERT INTO `shop_area` VALUES ('360322', '上栗县', '360300');
INSERT INTO `shop_area` VALUES ('360323', '芦溪县', '360300');
INSERT INTO `shop_area` VALUES ('360400', '九江市', '360000');
INSERT INTO `shop_area` VALUES ('360402', '庐山区', '360400');
INSERT INTO `shop_area` VALUES ('360403', '浔阳区', '360400');
INSERT INTO `shop_area` VALUES ('360421', '九江县', '360400');
INSERT INTO `shop_area` VALUES ('360423', '武宁县', '360400');
INSERT INTO `shop_area` VALUES ('360424', '修水县', '360400');
INSERT INTO `shop_area` VALUES ('360425', '永修县', '360400');
INSERT INTO `shop_area` VALUES ('360426', '德安县', '360400');
INSERT INTO `shop_area` VALUES ('360427', '星子县', '360400');
INSERT INTO `shop_area` VALUES ('360428', '都昌县', '360400');
INSERT INTO `shop_area` VALUES ('360429', '湖口县', '360400');
INSERT INTO `shop_area` VALUES ('360430', '彭泽县', '360400');
INSERT INTO `shop_area` VALUES ('360481', '瑞昌市', '360400');
INSERT INTO `shop_area` VALUES ('360482', '共青城市', '360400');
INSERT INTO `shop_area` VALUES ('360500', '新余市', '360000');
INSERT INTO `shop_area` VALUES ('360502', '渝水区', '360500');
INSERT INTO `shop_area` VALUES ('360521', '分宜县', '360500');
INSERT INTO `shop_area` VALUES ('360600', '鹰潭市', '360000');
INSERT INTO `shop_area` VALUES ('360602', '月湖区', '360600');
INSERT INTO `shop_area` VALUES ('360622', '余江县', '360600');
INSERT INTO `shop_area` VALUES ('360681', '贵溪市', '360600');
INSERT INTO `shop_area` VALUES ('360700', '赣州市', '360000');
INSERT INTO `shop_area` VALUES ('360702', '章贡区', '360700');
INSERT INTO `shop_area` VALUES ('360703', '南康区', '360700');
INSERT INTO `shop_area` VALUES ('360721', '赣县', '360700');
INSERT INTO `shop_area` VALUES ('360722', '信丰县', '360700');
INSERT INTO `shop_area` VALUES ('360723', '大余县', '360700');
INSERT INTO `shop_area` VALUES ('360724', '上犹县', '360700');
INSERT INTO `shop_area` VALUES ('360725', '崇义县', '360700');
INSERT INTO `shop_area` VALUES ('360726', '安远县', '360700');
INSERT INTO `shop_area` VALUES ('360727', '龙南县', '360700');
INSERT INTO `shop_area` VALUES ('360728', '定南县', '360700');
INSERT INTO `shop_area` VALUES ('360729', '全南县', '360700');
INSERT INTO `shop_area` VALUES ('360730', '宁都县', '360700');
INSERT INTO `shop_area` VALUES ('360731', '于都县', '360700');
INSERT INTO `shop_area` VALUES ('360732', '兴国县', '360700');
INSERT INTO `shop_area` VALUES ('360733', '会昌县', '360700');
INSERT INTO `shop_area` VALUES ('360734', '寻乌县', '360700');
INSERT INTO `shop_area` VALUES ('360735', '石城县', '360700');
INSERT INTO `shop_area` VALUES ('360781', '瑞金市', '360700');
INSERT INTO `shop_area` VALUES ('360800', '吉安市', '360000');
INSERT INTO `shop_area` VALUES ('360802', '吉州区', '360800');
INSERT INTO `shop_area` VALUES ('360803', '青原区', '360800');
INSERT INTO `shop_area` VALUES ('360821', '吉安县', '360800');
INSERT INTO `shop_area` VALUES ('360822', '吉水县', '360800');
INSERT INTO `shop_area` VALUES ('360823', '峡江县', '360800');
INSERT INTO `shop_area` VALUES ('360824', '新干县', '360800');
INSERT INTO `shop_area` VALUES ('360825', '永丰县', '360800');
INSERT INTO `shop_area` VALUES ('360826', '泰和县', '360800');
INSERT INTO `shop_area` VALUES ('360827', '遂川县', '360800');
INSERT INTO `shop_area` VALUES ('360828', '万安县', '360800');
INSERT INTO `shop_area` VALUES ('360829', '安福县', '360800');
INSERT INTO `shop_area` VALUES ('360830', '永新县', '360800');
INSERT INTO `shop_area` VALUES ('360881', '井冈山市', '360800');
INSERT INTO `shop_area` VALUES ('360900', '宜春市', '360000');
INSERT INTO `shop_area` VALUES ('360902', '袁州区', '360900');
INSERT INTO `shop_area` VALUES ('360921', '奉新县', '360900');
INSERT INTO `shop_area` VALUES ('360922', '万载县', '360900');
INSERT INTO `shop_area` VALUES ('360923', '上高县', '360900');
INSERT INTO `shop_area` VALUES ('360924', '宜丰县', '360900');
INSERT INTO `shop_area` VALUES ('360925', '靖安县', '360900');
INSERT INTO `shop_area` VALUES ('360926', '铜鼓县', '360900');
INSERT INTO `shop_area` VALUES ('360981', '丰城市', '360900');
INSERT INTO `shop_area` VALUES ('360982', '樟树市', '360900');
INSERT INTO `shop_area` VALUES ('360983', '高安市', '360900');
INSERT INTO `shop_area` VALUES ('361000', '抚州市', '360000');
INSERT INTO `shop_area` VALUES ('361002', '临川区', '361000');
INSERT INTO `shop_area` VALUES ('361021', '南城县', '361000');
INSERT INTO `shop_area` VALUES ('361022', '黎川县', '361000');
INSERT INTO `shop_area` VALUES ('361023', '南丰县', '361000');
INSERT INTO `shop_area` VALUES ('361024', '崇仁县', '361000');
INSERT INTO `shop_area` VALUES ('361025', '乐安县', '361000');
INSERT INTO `shop_area` VALUES ('361026', '宜黄县', '361000');
INSERT INTO `shop_area` VALUES ('361027', '金溪县', '361000');
INSERT INTO `shop_area` VALUES ('361028', '资溪县', '361000');
INSERT INTO `shop_area` VALUES ('361029', '东乡县', '361000');
INSERT INTO `shop_area` VALUES ('361030', '广昌县', '361000');
INSERT INTO `shop_area` VALUES ('361100', '上饶市', '360000');
INSERT INTO `shop_area` VALUES ('361102', '信州区', '361100');
INSERT INTO `shop_area` VALUES ('361121', '上饶县', '361100');
INSERT INTO `shop_area` VALUES ('361122', '广丰县', '361100');
INSERT INTO `shop_area` VALUES ('361123', '玉山县', '361100');
INSERT INTO `shop_area` VALUES ('361124', '铅山县', '361100');
INSERT INTO `shop_area` VALUES ('361125', '横峰县', '361100');
INSERT INTO `shop_area` VALUES ('361126', '弋阳县', '361100');
INSERT INTO `shop_area` VALUES ('361127', '余干县', '361100');
INSERT INTO `shop_area` VALUES ('361128', '鄱阳县', '361100');
INSERT INTO `shop_area` VALUES ('361129', '万年县', '361100');
INSERT INTO `shop_area` VALUES ('361130', '婺源县', '361100');
INSERT INTO `shop_area` VALUES ('361181', '德兴市', '361100');
INSERT INTO `shop_area` VALUES ('370000', '山东省', '0');
INSERT INTO `shop_area` VALUES ('370100', '济南市', '370000');
INSERT INTO `shop_area` VALUES ('370102', '历下区', '370100');
INSERT INTO `shop_area` VALUES ('370103', '市中区', '370100');
INSERT INTO `shop_area` VALUES ('370104', '槐荫区', '370100');
INSERT INTO `shop_area` VALUES ('370105', '天桥区', '370100');
INSERT INTO `shop_area` VALUES ('370112', '历城区', '370100');
INSERT INTO `shop_area` VALUES ('370113', '长清区', '370100');
INSERT INTO `shop_area` VALUES ('370124', '平阴县', '370100');
INSERT INTO `shop_area` VALUES ('370125', '济阳县', '370100');
INSERT INTO `shop_area` VALUES ('370126', '商河县', '370100');
INSERT INTO `shop_area` VALUES ('370181', '章丘市', '370100');
INSERT INTO `shop_area` VALUES ('370200', '青岛市', '370000');
INSERT INTO `shop_area` VALUES ('370202', '市南区', '370200');
INSERT INTO `shop_area` VALUES ('370203', '市北区', '370200');
INSERT INTO `shop_area` VALUES ('370211', '黄岛区', '370200');
INSERT INTO `shop_area` VALUES ('370212', '崂山区', '370200');
INSERT INTO `shop_area` VALUES ('370213', '李沧区', '370200');
INSERT INTO `shop_area` VALUES ('370214', '城阳区', '370200');
INSERT INTO `shop_area` VALUES ('370281', '胶州市', '370200');
INSERT INTO `shop_area` VALUES ('370282', '即墨市', '370200');
INSERT INTO `shop_area` VALUES ('370283', '平度市', '370200');
INSERT INTO `shop_area` VALUES ('370285', '莱西市', '370200');
INSERT INTO `shop_area` VALUES ('370286', '西海岸新区', '370200');
INSERT INTO `shop_area` VALUES ('370300', '淄博市', '370000');
INSERT INTO `shop_area` VALUES ('370302', '淄川区', '370300');
INSERT INTO `shop_area` VALUES ('370303', '张店区', '370300');
INSERT INTO `shop_area` VALUES ('370304', '博山区', '370300');
INSERT INTO `shop_area` VALUES ('370305', '临淄区', '370300');
INSERT INTO `shop_area` VALUES ('370306', '周村区', '370300');
INSERT INTO `shop_area` VALUES ('370321', '桓台县', '370300');
INSERT INTO `shop_area` VALUES ('370322', '高青县', '370300');
INSERT INTO `shop_area` VALUES ('370323', '沂源县', '370300');
INSERT INTO `shop_area` VALUES ('370400', '枣庄市', '370000');
INSERT INTO `shop_area` VALUES ('370402', '市中区', '370400');
INSERT INTO `shop_area` VALUES ('370403', '薛城区', '370400');
INSERT INTO `shop_area` VALUES ('370404', '峄城区', '370400');
INSERT INTO `shop_area` VALUES ('370405', '台儿庄区', '370400');
INSERT INTO `shop_area` VALUES ('370406', '山亭区', '370400');
INSERT INTO `shop_area` VALUES ('370481', '滕州市', '370400');
INSERT INTO `shop_area` VALUES ('370500', '东营市', '370000');
INSERT INTO `shop_area` VALUES ('370502', '东营区', '370500');
INSERT INTO `shop_area` VALUES ('370503', '河口区', '370500');
INSERT INTO `shop_area` VALUES ('370521', '垦利县', '370500');
INSERT INTO `shop_area` VALUES ('370522', '利津县', '370500');
INSERT INTO `shop_area` VALUES ('370523', '广饶县', '370500');
INSERT INTO `shop_area` VALUES ('370600', '烟台市', '370000');
INSERT INTO `shop_area` VALUES ('370602', '芝罘区', '370600');
INSERT INTO `shop_area` VALUES ('370611', '福山区', '370600');
INSERT INTO `shop_area` VALUES ('370612', '牟平区', '370600');
INSERT INTO `shop_area` VALUES ('370613', '莱山区', '370600');
INSERT INTO `shop_area` VALUES ('370634', '长岛县', '370600');
INSERT INTO `shop_area` VALUES ('370681', '龙口市', '370600');
INSERT INTO `shop_area` VALUES ('370682', '莱阳市', '370600');
INSERT INTO `shop_area` VALUES ('370683', '莱州市', '370600');
INSERT INTO `shop_area` VALUES ('370684', '蓬莱市', '370600');
INSERT INTO `shop_area` VALUES ('370685', '招远市', '370600');
INSERT INTO `shop_area` VALUES ('370686', '栖霞市', '370600');
INSERT INTO `shop_area` VALUES ('370687', '海阳市', '370600');
INSERT INTO `shop_area` VALUES ('370700', '潍坊市', '370000');
INSERT INTO `shop_area` VALUES ('370702', '潍城区', '370700');
INSERT INTO `shop_area` VALUES ('370703', '寒亭区', '370700');
INSERT INTO `shop_area` VALUES ('370704', '坊子区', '370700');
INSERT INTO `shop_area` VALUES ('370705', '奎文区', '370700');
INSERT INTO `shop_area` VALUES ('370724', '临朐县', '370700');
INSERT INTO `shop_area` VALUES ('370725', '昌乐县', '370700');
INSERT INTO `shop_area` VALUES ('370781', '青州市', '370700');
INSERT INTO `shop_area` VALUES ('370782', '诸城市', '370700');
INSERT INTO `shop_area` VALUES ('370783', '寿光市', '370700');
INSERT INTO `shop_area` VALUES ('370784', '安丘市', '370700');
INSERT INTO `shop_area` VALUES ('370785', '高密市', '370700');
INSERT INTO `shop_area` VALUES ('370786', '昌邑市', '370700');
INSERT INTO `shop_area` VALUES ('370800', '济宁市', '370000');
INSERT INTO `shop_area` VALUES ('370811', '任城区', '370800');
INSERT INTO `shop_area` VALUES ('370812', '兖州区', '370800');
INSERT INTO `shop_area` VALUES ('370826', '微山县', '370800');
INSERT INTO `shop_area` VALUES ('370827', '鱼台县', '370800');
INSERT INTO `shop_area` VALUES ('370828', '金乡县', '370800');
INSERT INTO `shop_area` VALUES ('370829', '嘉祥县', '370800');
INSERT INTO `shop_area` VALUES ('370830', '汶上县', '370800');
INSERT INTO `shop_area` VALUES ('370831', '泗水县', '370800');
INSERT INTO `shop_area` VALUES ('370832', '梁山县', '370800');
INSERT INTO `shop_area` VALUES ('370881', '曲阜市', '370800');
INSERT INTO `shop_area` VALUES ('370883', '邹城市', '370800');
INSERT INTO `shop_area` VALUES ('370900', '泰安市', '370000');
INSERT INTO `shop_area` VALUES ('370902', '泰山区', '370900');
INSERT INTO `shop_area` VALUES ('370911', '岱岳区', '370900');
INSERT INTO `shop_area` VALUES ('370921', '宁阳县', '370900');
INSERT INTO `shop_area` VALUES ('370923', '东平县', '370900');
INSERT INTO `shop_area` VALUES ('370982', '新泰市', '370900');
INSERT INTO `shop_area` VALUES ('370983', '肥城市', '370900');
INSERT INTO `shop_area` VALUES ('371000', '威海市', '370000');
INSERT INTO `shop_area` VALUES ('371002', '环翠区', '371000');
INSERT INTO `shop_area` VALUES ('371003', '文登区', '371000');
INSERT INTO `shop_area` VALUES ('371082', '荣成市', '371000');
INSERT INTO `shop_area` VALUES ('371083', '乳山市', '371000');
INSERT INTO `shop_area` VALUES ('371100', '日照市', '370000');
INSERT INTO `shop_area` VALUES ('371102', '东港区', '371100');
INSERT INTO `shop_area` VALUES ('371103', '岚山区', '371100');
INSERT INTO `shop_area` VALUES ('371121', '五莲县', '371100');
INSERT INTO `shop_area` VALUES ('371122', '莒县', '371100');
INSERT INTO `shop_area` VALUES ('371200', '莱芜市', '370000');
INSERT INTO `shop_area` VALUES ('371202', '莱城区', '371200');
INSERT INTO `shop_area` VALUES ('371203', '钢城区', '371200');
INSERT INTO `shop_area` VALUES ('371300', '临沂市', '370000');
INSERT INTO `shop_area` VALUES ('371302', '兰山区', '371300');
INSERT INTO `shop_area` VALUES ('371311', '罗庄区', '371300');
INSERT INTO `shop_area` VALUES ('371312', '河东区', '371300');
INSERT INTO `shop_area` VALUES ('371321', '沂南县', '371300');
INSERT INTO `shop_area` VALUES ('371322', '郯城县', '371300');
INSERT INTO `shop_area` VALUES ('371323', '沂水县', '371300');
INSERT INTO `shop_area` VALUES ('371324', '兰陵县', '371300');
INSERT INTO `shop_area` VALUES ('371325', '费县', '371300');
INSERT INTO `shop_area` VALUES ('371326', '平邑县', '371300');
INSERT INTO `shop_area` VALUES ('371327', '莒南县', '371300');
INSERT INTO `shop_area` VALUES ('371328', '蒙阴县', '371300');
INSERT INTO `shop_area` VALUES ('371329', '临沭县', '371300');
INSERT INTO `shop_area` VALUES ('371400', '德州市', '370000');
INSERT INTO `shop_area` VALUES ('371402', '德城区', '371400');
INSERT INTO `shop_area` VALUES ('371403', '陵城区', '371400');
INSERT INTO `shop_area` VALUES ('371422', '宁津县', '371400');
INSERT INTO `shop_area` VALUES ('371423', '庆云县', '371400');
INSERT INTO `shop_area` VALUES ('371424', '临邑县', '371400');
INSERT INTO `shop_area` VALUES ('371425', '齐河县', '371400');
INSERT INTO `shop_area` VALUES ('371426', '平原县', '371400');
INSERT INTO `shop_area` VALUES ('371427', '夏津县', '371400');
INSERT INTO `shop_area` VALUES ('371428', '武城县', '371400');
INSERT INTO `shop_area` VALUES ('371481', '乐陵市', '371400');
INSERT INTO `shop_area` VALUES ('371482', '禹城市', '371400');
INSERT INTO `shop_area` VALUES ('371500', '聊城市', '370000');
INSERT INTO `shop_area` VALUES ('371502', '东昌府区', '371500');
INSERT INTO `shop_area` VALUES ('371521', '阳谷县', '371500');
INSERT INTO `shop_area` VALUES ('371522', '莘县', '371500');
INSERT INTO `shop_area` VALUES ('371523', '茌平县', '371500');
INSERT INTO `shop_area` VALUES ('371524', '东阿县', '371500');
INSERT INTO `shop_area` VALUES ('371525', '冠县', '371500');
INSERT INTO `shop_area` VALUES ('371526', '高唐县', '371500');
INSERT INTO `shop_area` VALUES ('371581', '临清市', '371500');
INSERT INTO `shop_area` VALUES ('371600', '滨州市', '370000');
INSERT INTO `shop_area` VALUES ('371602', '滨城区', '371600');
INSERT INTO `shop_area` VALUES ('371603', '沾化区', '371600');
INSERT INTO `shop_area` VALUES ('371621', '惠民县', '371600');
INSERT INTO `shop_area` VALUES ('371622', '阳信县', '371600');
INSERT INTO `shop_area` VALUES ('371623', '无棣县', '371600');
INSERT INTO `shop_area` VALUES ('371625', '博兴县', '371600');
INSERT INTO `shop_area` VALUES ('371626', '邹平县', '371600');
INSERT INTO `shop_area` VALUES ('371627', '北海新区', '371600');
INSERT INTO `shop_area` VALUES ('371700', '菏泽市', '370000');
INSERT INTO `shop_area` VALUES ('371702', '牡丹区', '371700');
INSERT INTO `shop_area` VALUES ('371721', '曹县', '371700');
INSERT INTO `shop_area` VALUES ('371722', '单县', '371700');
INSERT INTO `shop_area` VALUES ('371723', '成武县', '371700');
INSERT INTO `shop_area` VALUES ('371724', '巨野县', '371700');
INSERT INTO `shop_area` VALUES ('371725', '郓城县', '371700');
INSERT INTO `shop_area` VALUES ('371726', '鄄城县', '371700');
INSERT INTO `shop_area` VALUES ('371727', '定陶县', '371700');
INSERT INTO `shop_area` VALUES ('371728', '东明县', '371700');
INSERT INTO `shop_area` VALUES ('410000', '河南省', '0');
INSERT INTO `shop_area` VALUES ('410100', '郑州市', '410000');
INSERT INTO `shop_area` VALUES ('410102', '中原区', '410100');
INSERT INTO `shop_area` VALUES ('410103', '二七区', '410100');
INSERT INTO `shop_area` VALUES ('410104', '管城回族区', '410100');
INSERT INTO `shop_area` VALUES ('410105', '金水区', '410100');
INSERT INTO `shop_area` VALUES ('410106', '上街区', '410100');
INSERT INTO `shop_area` VALUES ('410108', '惠济区', '410100');
INSERT INTO `shop_area` VALUES ('410122', '中牟县', '410100');
INSERT INTO `shop_area` VALUES ('410181', '巩义市', '410100');
INSERT INTO `shop_area` VALUES ('410182', '荥阳市', '410100');
INSERT INTO `shop_area` VALUES ('410183', '新密市', '410100');
INSERT INTO `shop_area` VALUES ('410184', '新郑市', '410100');
INSERT INTO `shop_area` VALUES ('410185', '登封市', '410100');
INSERT INTO `shop_area` VALUES ('410200', '开封市', '410000');
INSERT INTO `shop_area` VALUES ('410202', '龙亭区', '410200');
INSERT INTO `shop_area` VALUES ('410203', '顺河回族区', '410200');
INSERT INTO `shop_area` VALUES ('410204', '鼓楼区', '410200');
INSERT INTO `shop_area` VALUES ('410205', '禹王台区', '410200');
INSERT INTO `shop_area` VALUES ('410212', '祥符区', '410200');
INSERT INTO `shop_area` VALUES ('410221', '杞县', '410200');
INSERT INTO `shop_area` VALUES ('410222', '通许县', '410200');
INSERT INTO `shop_area` VALUES ('410223', '尉氏县', '410200');
INSERT INTO `shop_area` VALUES ('410225', '兰考县', '410200');
INSERT INTO `shop_area` VALUES ('410300', '洛阳市', '410000');
INSERT INTO `shop_area` VALUES ('410302', '老城区', '410300');
INSERT INTO `shop_area` VALUES ('410303', '西工区', '410300');
INSERT INTO `shop_area` VALUES ('410304', '瀍河回族区', '410300');
INSERT INTO `shop_area` VALUES ('410305', '涧西区', '410300');
INSERT INTO `shop_area` VALUES ('410306', '吉利区', '410300');
INSERT INTO `shop_area` VALUES ('410311', '洛龙区', '410300');
INSERT INTO `shop_area` VALUES ('410322', '孟津县', '410300');
INSERT INTO `shop_area` VALUES ('410323', '新安县', '410300');
INSERT INTO `shop_area` VALUES ('410324', '栾川县', '410300');
INSERT INTO `shop_area` VALUES ('410325', '嵩县', '410300');
INSERT INTO `shop_area` VALUES ('410326', '汝阳县', '410300');
INSERT INTO `shop_area` VALUES ('410327', '宜阳县', '410300');
INSERT INTO `shop_area` VALUES ('410328', '洛宁县', '410300');
INSERT INTO `shop_area` VALUES ('410329', '伊川县', '410300');
INSERT INTO `shop_area` VALUES ('410381', '偃师市', '410300');
INSERT INTO `shop_area` VALUES ('410400', '平顶山市', '410000');
INSERT INTO `shop_area` VALUES ('410402', '新华区', '410400');
INSERT INTO `shop_area` VALUES ('410403', '卫东区', '410400');
INSERT INTO `shop_area` VALUES ('410404', '石龙区', '410400');
INSERT INTO `shop_area` VALUES ('410411', '湛河区', '410400');
INSERT INTO `shop_area` VALUES ('410421', '宝丰县', '410400');
INSERT INTO `shop_area` VALUES ('410422', '叶县', '410400');
INSERT INTO `shop_area` VALUES ('410423', '鲁山县', '410400');
INSERT INTO `shop_area` VALUES ('410425', '郏县', '410400');
INSERT INTO `shop_area` VALUES ('410481', '舞钢市', '410400');
INSERT INTO `shop_area` VALUES ('410482', '汝州市', '410400');
INSERT INTO `shop_area` VALUES ('410500', '安阳市', '410000');
INSERT INTO `shop_area` VALUES ('410502', '文峰区', '410500');
INSERT INTO `shop_area` VALUES ('410503', '北关区', '410500');
INSERT INTO `shop_area` VALUES ('410505', '殷都区', '410500');
INSERT INTO `shop_area` VALUES ('410506', '龙安区', '410500');
INSERT INTO `shop_area` VALUES ('410522', '安阳县', '410500');
INSERT INTO `shop_area` VALUES ('410523', '汤阴县', '410500');
INSERT INTO `shop_area` VALUES ('410526', '滑县', '410500');
INSERT INTO `shop_area` VALUES ('410527', '内黄县', '410500');
INSERT INTO `shop_area` VALUES ('410581', '林州市', '410500');
INSERT INTO `shop_area` VALUES ('410600', '鹤壁市', '410000');
INSERT INTO `shop_area` VALUES ('410602', '鹤山区', '410600');
INSERT INTO `shop_area` VALUES ('410603', '山城区', '410600');
INSERT INTO `shop_area` VALUES ('410611', '淇滨区', '410600');
INSERT INTO `shop_area` VALUES ('410621', '浚县', '410600');
INSERT INTO `shop_area` VALUES ('410622', '淇县', '410600');
INSERT INTO `shop_area` VALUES ('410700', '新乡市', '410000');
INSERT INTO `shop_area` VALUES ('410702', '红旗区', '410700');
INSERT INTO `shop_area` VALUES ('410703', '卫滨区', '410700');
INSERT INTO `shop_area` VALUES ('410704', '凤泉区', '410700');
INSERT INTO `shop_area` VALUES ('410711', '牧野区', '410700');
INSERT INTO `shop_area` VALUES ('410721', '新乡县', '410700');
INSERT INTO `shop_area` VALUES ('410724', '获嘉县', '410700');
INSERT INTO `shop_area` VALUES ('410725', '原阳县', '410700');
INSERT INTO `shop_area` VALUES ('410726', '延津县', '410700');
INSERT INTO `shop_area` VALUES ('410727', '封丘县', '410700');
INSERT INTO `shop_area` VALUES ('410728', '长垣县', '410700');
INSERT INTO `shop_area` VALUES ('410781', '卫辉市', '410700');
INSERT INTO `shop_area` VALUES ('410782', '辉县市', '410700');
INSERT INTO `shop_area` VALUES ('410800', '焦作市', '410000');
INSERT INTO `shop_area` VALUES ('410802', '解放区', '410800');
INSERT INTO `shop_area` VALUES ('410803', '中站区', '410800');
INSERT INTO `shop_area` VALUES ('410804', '马村区', '410800');
INSERT INTO `shop_area` VALUES ('410811', '山阳区', '410800');
INSERT INTO `shop_area` VALUES ('410821', '修武县', '410800');
INSERT INTO `shop_area` VALUES ('410822', '博爱县', '410800');
INSERT INTO `shop_area` VALUES ('410823', '武陟县', '410800');
INSERT INTO `shop_area` VALUES ('410825', '温县', '410800');
INSERT INTO `shop_area` VALUES ('410882', '沁阳市', '410800');
INSERT INTO `shop_area` VALUES ('410883', '孟州市', '410800');
INSERT INTO `shop_area` VALUES ('410900', '濮阳市', '410000');
INSERT INTO `shop_area` VALUES ('410902', '华龙区', '410900');
INSERT INTO `shop_area` VALUES ('410922', '清丰县', '410900');
INSERT INTO `shop_area` VALUES ('410923', '南乐县', '410900');
INSERT INTO `shop_area` VALUES ('410926', '范县', '410900');
INSERT INTO `shop_area` VALUES ('410927', '台前县', '410900');
INSERT INTO `shop_area` VALUES ('410928', '濮阳县', '410900');
INSERT INTO `shop_area` VALUES ('411000', '许昌市', '410000');
INSERT INTO `shop_area` VALUES ('411002', '魏都区', '411000');
INSERT INTO `shop_area` VALUES ('411023', '许昌县', '411000');
INSERT INTO `shop_area` VALUES ('411024', '鄢陵县', '411000');
INSERT INTO `shop_area` VALUES ('411025', '襄城县', '411000');
INSERT INTO `shop_area` VALUES ('411081', '禹州市', '411000');
INSERT INTO `shop_area` VALUES ('411082', '长葛市', '411000');
INSERT INTO `shop_area` VALUES ('411100', '漯河市', '410000');
INSERT INTO `shop_area` VALUES ('411102', '源汇区', '411100');
INSERT INTO `shop_area` VALUES ('411103', '郾城区', '411100');
INSERT INTO `shop_area` VALUES ('411104', '召陵区', '411100');
INSERT INTO `shop_area` VALUES ('411121', '舞阳县', '411100');
INSERT INTO `shop_area` VALUES ('411122', '临颍县', '411100');
INSERT INTO `shop_area` VALUES ('411200', '三门峡市', '410000');
INSERT INTO `shop_area` VALUES ('411202', '湖滨区', '411200');
INSERT INTO `shop_area` VALUES ('411221', '渑池县', '411200');
INSERT INTO `shop_area` VALUES ('411222', '陕县', '411200');
INSERT INTO `shop_area` VALUES ('411224', '卢氏县', '411200');
INSERT INTO `shop_area` VALUES ('411281', '义马市', '411200');
INSERT INTO `shop_area` VALUES ('411282', '灵宝市', '411200');
INSERT INTO `shop_area` VALUES ('411300', '南阳市', '410000');
INSERT INTO `shop_area` VALUES ('411302', '宛城区', '411300');
INSERT INTO `shop_area` VALUES ('411303', '卧龙区', '411300');
INSERT INTO `shop_area` VALUES ('411321', '南召县', '411300');
INSERT INTO `shop_area` VALUES ('411322', '方城县', '411300');
INSERT INTO `shop_area` VALUES ('411323', '西峡县', '411300');
INSERT INTO `shop_area` VALUES ('411324', '镇平县', '411300');
INSERT INTO `shop_area` VALUES ('411325', '内乡县', '411300');
INSERT INTO `shop_area` VALUES ('411326', '淅川县', '411300');
INSERT INTO `shop_area` VALUES ('411327', '社旗县', '411300');
INSERT INTO `shop_area` VALUES ('411328', '唐河县', '411300');
INSERT INTO `shop_area` VALUES ('411329', '新野县', '411300');
INSERT INTO `shop_area` VALUES ('411330', '桐柏县', '411300');
INSERT INTO `shop_area` VALUES ('411381', '邓州市', '411300');
INSERT INTO `shop_area` VALUES ('411400', '商丘市', '410000');
INSERT INTO `shop_area` VALUES ('411402', '梁园区', '411400');
INSERT INTO `shop_area` VALUES ('411403', '睢阳区', '411400');
INSERT INTO `shop_area` VALUES ('411421', '民权县', '411400');
INSERT INTO `shop_area` VALUES ('411422', '睢县', '411400');
INSERT INTO `shop_area` VALUES ('411423', '宁陵县', '411400');
INSERT INTO `shop_area` VALUES ('411424', '柘城县', '411400');
INSERT INTO `shop_area` VALUES ('411425', '虞城县', '411400');
INSERT INTO `shop_area` VALUES ('411426', '夏邑县', '411400');
INSERT INTO `shop_area` VALUES ('411481', '永城市', '411400');
INSERT INTO `shop_area` VALUES ('411500', '信阳市', '410000');
INSERT INTO `shop_area` VALUES ('411502', '浉河区', '411500');
INSERT INTO `shop_area` VALUES ('411503', '平桥区', '411500');
INSERT INTO `shop_area` VALUES ('411521', '罗山县', '411500');
INSERT INTO `shop_area` VALUES ('411522', '光山县', '411500');
INSERT INTO `shop_area` VALUES ('411523', '新县', '411500');
INSERT INTO `shop_area` VALUES ('411524', '商城县', '411500');
INSERT INTO `shop_area` VALUES ('411525', '固始县', '411500');
INSERT INTO `shop_area` VALUES ('411526', '潢川县', '411500');
INSERT INTO `shop_area` VALUES ('411527', '淮滨县', '411500');
INSERT INTO `shop_area` VALUES ('411528', '息县', '411500');
INSERT INTO `shop_area` VALUES ('411600', '周口市', '410000');
INSERT INTO `shop_area` VALUES ('411602', '川汇区', '411600');
INSERT INTO `shop_area` VALUES ('411621', '扶沟县', '411600');
INSERT INTO `shop_area` VALUES ('411622', '西华县', '411600');
INSERT INTO `shop_area` VALUES ('411623', '商水县', '411600');
INSERT INTO `shop_area` VALUES ('411624', '沈丘县', '411600');
INSERT INTO `shop_area` VALUES ('411625', '郸城县', '411600');
INSERT INTO `shop_area` VALUES ('411626', '淮阳县', '411600');
INSERT INTO `shop_area` VALUES ('411627', '太康县', '411600');
INSERT INTO `shop_area` VALUES ('411628', '鹿邑县', '411600');
INSERT INTO `shop_area` VALUES ('411681', '项城市', '411600');
INSERT INTO `shop_area` VALUES ('411700', '驻马店市', '410000');
INSERT INTO `shop_area` VALUES ('411702', '驿城区', '411700');
INSERT INTO `shop_area` VALUES ('411721', '西平县', '411700');
INSERT INTO `shop_area` VALUES ('411722', '上蔡县', '411700');
INSERT INTO `shop_area` VALUES ('411723', '平舆县', '411700');
INSERT INTO `shop_area` VALUES ('411724', '正阳县', '411700');
INSERT INTO `shop_area` VALUES ('411725', '确山县', '411700');
INSERT INTO `shop_area` VALUES ('411726', '泌阳县', '411700');
INSERT INTO `shop_area` VALUES ('411727', '汝南县', '411700');
INSERT INTO `shop_area` VALUES ('411728', '遂平县', '411700');
INSERT INTO `shop_area` VALUES ('411729', '新蔡县', '411700');
INSERT INTO `shop_area` VALUES ('419000', '直辖县级', '410000');
INSERT INTO `shop_area` VALUES ('419001', '济源市', '419000');
INSERT INTO `shop_area` VALUES ('420000', '湖北省', '0');
INSERT INTO `shop_area` VALUES ('420100', '武汉市', '420000');
INSERT INTO `shop_area` VALUES ('420102', '江岸区', '420100');
INSERT INTO `shop_area` VALUES ('420103', '江汉区', '420100');
INSERT INTO `shop_area` VALUES ('420104', '硚口区', '420100');
INSERT INTO `shop_area` VALUES ('420105', '汉阳区', '420100');
INSERT INTO `shop_area` VALUES ('420106', '武昌区', '420100');
INSERT INTO `shop_area` VALUES ('420107', '青山区', '420100');
INSERT INTO `shop_area` VALUES ('420111', '洪山区', '420100');
INSERT INTO `shop_area` VALUES ('420112', '东西湖区', '420100');
INSERT INTO `shop_area` VALUES ('420113', '汉南区', '420100');
INSERT INTO `shop_area` VALUES ('420114', '蔡甸区', '420100');
INSERT INTO `shop_area` VALUES ('420115', '江夏区', '420100');
INSERT INTO `shop_area` VALUES ('420116', '黄陂区', '420100');
INSERT INTO `shop_area` VALUES ('420117', '新洲区', '420100');
INSERT INTO `shop_area` VALUES ('420200', '黄石市', '420000');
INSERT INTO `shop_area` VALUES ('420202', '黄石港区', '420200');
INSERT INTO `shop_area` VALUES ('420203', '西塞山区', '420200');
INSERT INTO `shop_area` VALUES ('420204', '下陆区', '420200');
INSERT INTO `shop_area` VALUES ('420205', '铁山区', '420200');
INSERT INTO `shop_area` VALUES ('420222', '阳新县', '420200');
INSERT INTO `shop_area` VALUES ('420281', '大冶市', '420200');
INSERT INTO `shop_area` VALUES ('420300', '十堰市', '420000');
INSERT INTO `shop_area` VALUES ('420302', '茅箭区', '420300');
INSERT INTO `shop_area` VALUES ('420303', '张湾区', '420300');
INSERT INTO `shop_area` VALUES ('420304', '郧阳区', '420300');
INSERT INTO `shop_area` VALUES ('420322', '郧西县', '420300');
INSERT INTO `shop_area` VALUES ('420323', '竹山县', '420300');
INSERT INTO `shop_area` VALUES ('420324', '竹溪县', '420300');
INSERT INTO `shop_area` VALUES ('420325', '房县', '420300');
INSERT INTO `shop_area` VALUES ('420381', '丹江口市', '420300');
INSERT INTO `shop_area` VALUES ('420500', '宜昌市', '420000');
INSERT INTO `shop_area` VALUES ('420502', '西陵区', '420500');
INSERT INTO `shop_area` VALUES ('420503', '伍家岗区', '420500');
INSERT INTO `shop_area` VALUES ('420504', '点军区', '420500');
INSERT INTO `shop_area` VALUES ('420505', '猇亭区', '420500');
INSERT INTO `shop_area` VALUES ('420506', '夷陵区', '420500');
INSERT INTO `shop_area` VALUES ('420525', '远安县', '420500');
INSERT INTO `shop_area` VALUES ('420526', '兴山县', '420500');
INSERT INTO `shop_area` VALUES ('420527', '秭归县', '420500');
INSERT INTO `shop_area` VALUES ('420528', '长阳土家族自治县', '420500');
INSERT INTO `shop_area` VALUES ('420529', '五峰土家族自治县', '420500');
INSERT INTO `shop_area` VALUES ('420581', '宜都市', '420500');
INSERT INTO `shop_area` VALUES ('420582', '当阳市', '420500');
INSERT INTO `shop_area` VALUES ('420583', '枝江市', '420500');
INSERT INTO `shop_area` VALUES ('420600', '襄阳市', '420000');
INSERT INTO `shop_area` VALUES ('420602', '襄城区', '420600');
INSERT INTO `shop_area` VALUES ('420606', '樊城区', '420600');
INSERT INTO `shop_area` VALUES ('420607', '襄州区', '420600');
INSERT INTO `shop_area` VALUES ('420624', '南漳县', '420600');
INSERT INTO `shop_area` VALUES ('420625', '谷城县', '420600');
INSERT INTO `shop_area` VALUES ('420626', '保康县', '420600');
INSERT INTO `shop_area` VALUES ('420682', '老河口市', '420600');
INSERT INTO `shop_area` VALUES ('420683', '枣阳市', '420600');
INSERT INTO `shop_area` VALUES ('420684', '宜城市', '420600');
INSERT INTO `shop_area` VALUES ('420700', '鄂州市', '420000');
INSERT INTO `shop_area` VALUES ('420702', '梁子湖区', '420700');
INSERT INTO `shop_area` VALUES ('420703', '华容区', '420700');
INSERT INTO `shop_area` VALUES ('420704', '鄂城区', '420700');
INSERT INTO `shop_area` VALUES ('420800', '荆门市', '420000');
INSERT INTO `shop_area` VALUES ('420802', '东宝区', '420800');
INSERT INTO `shop_area` VALUES ('420804', '掇刀区', '420800');
INSERT INTO `shop_area` VALUES ('420821', '京山县', '420800');
INSERT INTO `shop_area` VALUES ('420822', '沙洋县', '420800');
INSERT INTO `shop_area` VALUES ('420881', '钟祥市', '420800');
INSERT INTO `shop_area` VALUES ('420900', '孝感市', '420000');
INSERT INTO `shop_area` VALUES ('420902', '孝南区', '420900');
INSERT INTO `shop_area` VALUES ('420921', '孝昌县', '420900');
INSERT INTO `shop_area` VALUES ('420922', '大悟县', '420900');
INSERT INTO `shop_area` VALUES ('420923', '云梦县', '420900');
INSERT INTO `shop_area` VALUES ('420981', '应城市', '420900');
INSERT INTO `shop_area` VALUES ('420982', '安陆市', '420900');
INSERT INTO `shop_area` VALUES ('420984', '汉川市', '420900');
INSERT INTO `shop_area` VALUES ('421000', '荆州市', '420000');
INSERT INTO `shop_area` VALUES ('421002', '沙市区', '421000');
INSERT INTO `shop_area` VALUES ('421003', '荆州区', '421000');
INSERT INTO `shop_area` VALUES ('421022', '公安县', '421000');
INSERT INTO `shop_area` VALUES ('421023', '监利县', '421000');
INSERT INTO `shop_area` VALUES ('421024', '江陵县', '421000');
INSERT INTO `shop_area` VALUES ('421081', '石首市', '421000');
INSERT INTO `shop_area` VALUES ('421083', '洪湖市', '421000');
INSERT INTO `shop_area` VALUES ('421087', '松滋市', '421000');
INSERT INTO `shop_area` VALUES ('421100', '黄冈市', '420000');
INSERT INTO `shop_area` VALUES ('421102', '黄州区', '421100');
INSERT INTO `shop_area` VALUES ('421121', '团风县', '421100');
INSERT INTO `shop_area` VALUES ('421122', '红安县', '421100');
INSERT INTO `shop_area` VALUES ('421123', '罗田县', '421100');
INSERT INTO `shop_area` VALUES ('421124', '英山县', '421100');
INSERT INTO `shop_area` VALUES ('421125', '浠水县', '421100');
INSERT INTO `shop_area` VALUES ('421126', '蕲春县', '421100');
INSERT INTO `shop_area` VALUES ('421127', '黄梅县', '421100');
INSERT INTO `shop_area` VALUES ('421181', '麻城市', '421100');
INSERT INTO `shop_area` VALUES ('421182', '武穴市', '421100');
INSERT INTO `shop_area` VALUES ('421200', '咸宁市', '420000');
INSERT INTO `shop_area` VALUES ('421202', '咸安区', '421200');
INSERT INTO `shop_area` VALUES ('421221', '嘉鱼县', '421200');
INSERT INTO `shop_area` VALUES ('421222', '通城县', '421200');
INSERT INTO `shop_area` VALUES ('421223', '崇阳县', '421200');
INSERT INTO `shop_area` VALUES ('421224', '通山县', '421200');
INSERT INTO `shop_area` VALUES ('421281', '赤壁市', '421200');
INSERT INTO `shop_area` VALUES ('421300', '随州市', '420000');
INSERT INTO `shop_area` VALUES ('421303', '曾都区', '421300');
INSERT INTO `shop_area` VALUES ('421321', '随县', '421300');
INSERT INTO `shop_area` VALUES ('421381', '广水市', '421300');
INSERT INTO `shop_area` VALUES ('422800', '恩施土家族苗族自治州', '420000');
INSERT INTO `shop_area` VALUES ('422801', '恩施市', '422800');
INSERT INTO `shop_area` VALUES ('422802', '利川市', '422800');
INSERT INTO `shop_area` VALUES ('422822', '建始县', '422800');
INSERT INTO `shop_area` VALUES ('422823', '巴东县', '422800');
INSERT INTO `shop_area` VALUES ('422825', '宣恩县', '422800');
INSERT INTO `shop_area` VALUES ('422826', '咸丰县', '422800');
INSERT INTO `shop_area` VALUES ('422827', '来凤县', '422800');
INSERT INTO `shop_area` VALUES ('422828', '鹤峰县', '422800');
INSERT INTO `shop_area` VALUES ('429000', '直辖县级', '420000');
INSERT INTO `shop_area` VALUES ('429004', '仙桃市', '429000');
INSERT INTO `shop_area` VALUES ('429005', '潜江市', '429000');
INSERT INTO `shop_area` VALUES ('429006', '天门市', '429000');
INSERT INTO `shop_area` VALUES ('429021', '神农架林区', '429000');
INSERT INTO `shop_area` VALUES ('430000', '湖南省', '0');
INSERT INTO `shop_area` VALUES ('430100', '长沙市', '430000');
INSERT INTO `shop_area` VALUES ('430102', '芙蓉区', '430100');
INSERT INTO `shop_area` VALUES ('430103', '天心区', '430100');
INSERT INTO `shop_area` VALUES ('430104', '岳麓区', '430100');
INSERT INTO `shop_area` VALUES ('430105', '开福区', '430100');
INSERT INTO `shop_area` VALUES ('430111', '雨花区', '430100');
INSERT INTO `shop_area` VALUES ('430112', '望城区', '430100');
INSERT INTO `shop_area` VALUES ('430121', '长沙县', '430100');
INSERT INTO `shop_area` VALUES ('430124', '宁乡县', '430100');
INSERT INTO `shop_area` VALUES ('430181', '浏阳市', '430100');
INSERT INTO `shop_area` VALUES ('430200', '株洲市', '430000');
INSERT INTO `shop_area` VALUES ('430202', '荷塘区', '430200');
INSERT INTO `shop_area` VALUES ('430203', '芦淞区', '430200');
INSERT INTO `shop_area` VALUES ('430204', '石峰区', '430200');
INSERT INTO `shop_area` VALUES ('430211', '天元区', '430200');
INSERT INTO `shop_area` VALUES ('430221', '株洲县', '430200');
INSERT INTO `shop_area` VALUES ('430223', '攸县', '430200');
INSERT INTO `shop_area` VALUES ('430224', '茶陵县', '430200');
INSERT INTO `shop_area` VALUES ('430225', '炎陵县', '430200');
INSERT INTO `shop_area` VALUES ('430281', '醴陵市', '430200');
INSERT INTO `shop_area` VALUES ('430300', '湘潭市', '430000');
INSERT INTO `shop_area` VALUES ('430302', '雨湖区', '430300');
INSERT INTO `shop_area` VALUES ('430304', '岳塘区', '430300');
INSERT INTO `shop_area` VALUES ('430321', '湘潭县', '430300');
INSERT INTO `shop_area` VALUES ('430381', '湘乡市', '430300');
INSERT INTO `shop_area` VALUES ('430382', '韶山市', '430300');
INSERT INTO `shop_area` VALUES ('430400', '衡阳市', '430000');
INSERT INTO `shop_area` VALUES ('430405', '珠晖区', '430400');
INSERT INTO `shop_area` VALUES ('430406', '雁峰区', '430400');
INSERT INTO `shop_area` VALUES ('430407', '石鼓区', '430400');
INSERT INTO `shop_area` VALUES ('430408', '蒸湘区', '430400');
INSERT INTO `shop_area` VALUES ('430412', '南岳区', '430400');
INSERT INTO `shop_area` VALUES ('430421', '衡阳县', '430400');
INSERT INTO `shop_area` VALUES ('430422', '衡南县', '430400');
INSERT INTO `shop_area` VALUES ('430423', '衡山县', '430400');
INSERT INTO `shop_area` VALUES ('430424', '衡东县', '430400');
INSERT INTO `shop_area` VALUES ('430426', '祁东县', '430400');
INSERT INTO `shop_area` VALUES ('430481', '耒阳市', '430400');
INSERT INTO `shop_area` VALUES ('430482', '常宁市', '430400');
INSERT INTO `shop_area` VALUES ('430500', '邵阳市', '430000');
INSERT INTO `shop_area` VALUES ('430502', '双清区', '430500');
INSERT INTO `shop_area` VALUES ('430503', '大祥区', '430500');
INSERT INTO `shop_area` VALUES ('430511', '北塔区', '430500');
INSERT INTO `shop_area` VALUES ('430521', '邵东县', '430500');
INSERT INTO `shop_area` VALUES ('430522', '新邵县', '430500');
INSERT INTO `shop_area` VALUES ('430523', '邵阳县', '430500');
INSERT INTO `shop_area` VALUES ('430524', '隆回县', '430500');
INSERT INTO `shop_area` VALUES ('430525', '洞口县', '430500');
INSERT INTO `shop_area` VALUES ('430527', '绥宁县', '430500');
INSERT INTO `shop_area` VALUES ('430528', '新宁县', '430500');
INSERT INTO `shop_area` VALUES ('430529', '城步苗族自治县', '430500');
INSERT INTO `shop_area` VALUES ('430581', '武冈市', '430500');
INSERT INTO `shop_area` VALUES ('430600', '岳阳市', '430000');
INSERT INTO `shop_area` VALUES ('430602', '岳阳楼区', '430600');
INSERT INTO `shop_area` VALUES ('430603', '云溪区', '430600');
INSERT INTO `shop_area` VALUES ('430611', '君山区', '430600');
INSERT INTO `shop_area` VALUES ('430621', '岳阳县', '430600');
INSERT INTO `shop_area` VALUES ('430623', '华容县', '430600');
INSERT INTO `shop_area` VALUES ('430624', '湘阴县', '430600');
INSERT INTO `shop_area` VALUES ('430626', '平江县', '430600');
INSERT INTO `shop_area` VALUES ('430681', '汨罗市', '430600');
INSERT INTO `shop_area` VALUES ('430682', '临湘市', '430600');
INSERT INTO `shop_area` VALUES ('430700', '常德市', '430000');
INSERT INTO `shop_area` VALUES ('430702', '武陵区', '430700');
INSERT INTO `shop_area` VALUES ('430703', '鼎城区', '430700');
INSERT INTO `shop_area` VALUES ('430721', '安乡县', '430700');
INSERT INTO `shop_area` VALUES ('430722', '汉寿县', '430700');
INSERT INTO `shop_area` VALUES ('430723', '澧县', '430700');
INSERT INTO `shop_area` VALUES ('430724', '临澧县', '430700');
INSERT INTO `shop_area` VALUES ('430725', '桃源县', '430700');
INSERT INTO `shop_area` VALUES ('430726', '石门县', '430700');
INSERT INTO `shop_area` VALUES ('430781', '津市市', '430700');
INSERT INTO `shop_area` VALUES ('430800', '张家界市', '430000');
INSERT INTO `shop_area` VALUES ('430802', '永定区', '430800');
INSERT INTO `shop_area` VALUES ('430811', '武陵源区', '430800');
INSERT INTO `shop_area` VALUES ('430821', '慈利县', '430800');
INSERT INTO `shop_area` VALUES ('430822', '桑植县', '430800');
INSERT INTO `shop_area` VALUES ('430900', '益阳市', '430000');
INSERT INTO `shop_area` VALUES ('430902', '资阳区', '430900');
INSERT INTO `shop_area` VALUES ('430903', '赫山区', '430900');
INSERT INTO `shop_area` VALUES ('430921', '南县', '430900');
INSERT INTO `shop_area` VALUES ('430922', '桃江县', '430900');
INSERT INTO `shop_area` VALUES ('430923', '安化县', '430900');
INSERT INTO `shop_area` VALUES ('430981', '沅江市', '430900');
INSERT INTO `shop_area` VALUES ('431000', '郴州市', '430000');
INSERT INTO `shop_area` VALUES ('431002', '北湖区', '431000');
INSERT INTO `shop_area` VALUES ('431003', '苏仙区', '431000');
INSERT INTO `shop_area` VALUES ('431021', '桂阳县', '431000');
INSERT INTO `shop_area` VALUES ('431022', '宜章县', '431000');
INSERT INTO `shop_area` VALUES ('431023', '永兴县', '431000');
INSERT INTO `shop_area` VALUES ('431024', '嘉禾县', '431000');
INSERT INTO `shop_area` VALUES ('431025', '临武县', '431000');
INSERT INTO `shop_area` VALUES ('431026', '汝城县', '431000');
INSERT INTO `shop_area` VALUES ('431027', '桂东县', '431000');
INSERT INTO `shop_area` VALUES ('431028', '安仁县', '431000');
INSERT INTO `shop_area` VALUES ('431081', '资兴市', '431000');
INSERT INTO `shop_area` VALUES ('431100', '永州市', '430000');
INSERT INTO `shop_area` VALUES ('431102', '零陵区', '431100');
INSERT INTO `shop_area` VALUES ('431103', '冷水滩区', '431100');
INSERT INTO `shop_area` VALUES ('431121', '祁阳县', '431100');
INSERT INTO `shop_area` VALUES ('431122', '东安县', '431100');
INSERT INTO `shop_area` VALUES ('431123', '双牌县', '431100');
INSERT INTO `shop_area` VALUES ('431124', '道县', '431100');
INSERT INTO `shop_area` VALUES ('431125', '江永县', '431100');
INSERT INTO `shop_area` VALUES ('431126', '宁远县', '431100');
INSERT INTO `shop_area` VALUES ('431127', '蓝山县', '431100');
INSERT INTO `shop_area` VALUES ('431128', '新田县', '431100');
INSERT INTO `shop_area` VALUES ('431129', '江华瑶族自治县', '431100');
INSERT INTO `shop_area` VALUES ('431200', '怀化市', '430000');
INSERT INTO `shop_area` VALUES ('431202', '鹤城区', '431200');
INSERT INTO `shop_area` VALUES ('431221', '中方县', '431200');
INSERT INTO `shop_area` VALUES ('431222', '沅陵县', '431200');
INSERT INTO `shop_area` VALUES ('431223', '辰溪县', '431200');
INSERT INTO `shop_area` VALUES ('431224', '溆浦县', '431200');
INSERT INTO `shop_area` VALUES ('431225', '会同县', '431200');
INSERT INTO `shop_area` VALUES ('431226', '麻阳苗族自治县', '431200');
INSERT INTO `shop_area` VALUES ('431227', '新晃侗族自治县', '431200');
INSERT INTO `shop_area` VALUES ('431228', '芷江侗族自治县', '431200');
INSERT INTO `shop_area` VALUES ('431229', '靖州苗族侗族自治县', '431200');
INSERT INTO `shop_area` VALUES ('431230', '通道侗族自治县', '431200');
INSERT INTO `shop_area` VALUES ('431281', '洪江市', '431200');
INSERT INTO `shop_area` VALUES ('431300', '娄底市', '430000');
INSERT INTO `shop_area` VALUES ('431302', '娄星区', '431300');
INSERT INTO `shop_area` VALUES ('431321', '双峰县', '431300');
INSERT INTO `shop_area` VALUES ('431322', '新化县', '431300');
INSERT INTO `shop_area` VALUES ('431381', '冷水江市', '431300');
INSERT INTO `shop_area` VALUES ('431382', '涟源市', '431300');
INSERT INTO `shop_area` VALUES ('433100', '湘西土家族苗族自治州', '430000');
INSERT INTO `shop_area` VALUES ('433101', '吉首市', '433100');
INSERT INTO `shop_area` VALUES ('433122', '泸溪县', '433100');
INSERT INTO `shop_area` VALUES ('433123', '凤凰县', '433100');
INSERT INTO `shop_area` VALUES ('433124', '花垣县', '433100');
INSERT INTO `shop_area` VALUES ('433125', '保靖县', '433100');
INSERT INTO `shop_area` VALUES ('433126', '古丈县', '433100');
INSERT INTO `shop_area` VALUES ('433127', '永顺县', '433100');
INSERT INTO `shop_area` VALUES ('433130', '龙山县', '433100');
INSERT INTO `shop_area` VALUES ('440000', '广东省', '0');
INSERT INTO `shop_area` VALUES ('440100', '广州市', '440000');
INSERT INTO `shop_area` VALUES ('440103', '荔湾区', '440100');
INSERT INTO `shop_area` VALUES ('440104', '越秀区', '440100');
INSERT INTO `shop_area` VALUES ('440105', '海珠区', '440100');
INSERT INTO `shop_area` VALUES ('440106', '天河区', '440100');
INSERT INTO `shop_area` VALUES ('440111', '白云区', '440100');
INSERT INTO `shop_area` VALUES ('440112', '黄埔区', '440100');
INSERT INTO `shop_area` VALUES ('440113', '番禺区', '440100');
INSERT INTO `shop_area` VALUES ('440114', '花都区', '440100');
INSERT INTO `shop_area` VALUES ('440115', '南沙区', '440100');
INSERT INTO `shop_area` VALUES ('440117', '从化区', '440100');
INSERT INTO `shop_area` VALUES ('440118', '增城区', '440100');
INSERT INTO `shop_area` VALUES ('440200', '韶关市', '440000');
INSERT INTO `shop_area` VALUES ('440203', '武江区', '440200');
INSERT INTO `shop_area` VALUES ('440204', '浈江区', '440200');
INSERT INTO `shop_area` VALUES ('440205', '曲江区', '440200');
INSERT INTO `shop_area` VALUES ('440222', '始兴县', '440200');
INSERT INTO `shop_area` VALUES ('440224', '仁化县', '440200');
INSERT INTO `shop_area` VALUES ('440229', '翁源县', '440200');
INSERT INTO `shop_area` VALUES ('440232', '乳源瑶族自治县', '440200');
INSERT INTO `shop_area` VALUES ('440233', '新丰县', '440200');
INSERT INTO `shop_area` VALUES ('440281', '乐昌市', '440200');
INSERT INTO `shop_area` VALUES ('440282', '南雄市', '440200');
INSERT INTO `shop_area` VALUES ('440300', '深圳市', '440000');
INSERT INTO `shop_area` VALUES ('440303', '罗湖区', '440300');
INSERT INTO `shop_area` VALUES ('440304', '福田区', '440300');
INSERT INTO `shop_area` VALUES ('440305', '南山区', '440300');
INSERT INTO `shop_area` VALUES ('440306', '宝安区', '440300');
INSERT INTO `shop_area` VALUES ('440307', '龙岗区', '440300');
INSERT INTO `shop_area` VALUES ('440308', '盐田区', '440300');
INSERT INTO `shop_area` VALUES ('440309', '光明新区', '440300');
INSERT INTO `shop_area` VALUES ('440310', '坪山新区', '440300');
INSERT INTO `shop_area` VALUES ('440311', '大鹏新区', '440300');
INSERT INTO `shop_area` VALUES ('440312', '龙华新区', '440300');
INSERT INTO `shop_area` VALUES ('440400', '珠海市', '440000');
INSERT INTO `shop_area` VALUES ('440402', '香洲区', '440400');
INSERT INTO `shop_area` VALUES ('440403', '斗门区', '440400');
INSERT INTO `shop_area` VALUES ('440404', '金湾区', '440400');
INSERT INTO `shop_area` VALUES ('440500', '汕头市', '440000');
INSERT INTO `shop_area` VALUES ('440507', '龙湖区', '440500');
INSERT INTO `shop_area` VALUES ('440511', '金平区', '440500');
INSERT INTO `shop_area` VALUES ('440512', '濠江区', '440500');
INSERT INTO `shop_area` VALUES ('440513', '潮阳区', '440500');
INSERT INTO `shop_area` VALUES ('440514', '潮南区', '440500');
INSERT INTO `shop_area` VALUES ('440515', '澄海区', '440500');
INSERT INTO `shop_area` VALUES ('440523', '南澳县', '440500');
INSERT INTO `shop_area` VALUES ('440600', '佛山市', '440000');
INSERT INTO `shop_area` VALUES ('440604', '禅城区', '440600');
INSERT INTO `shop_area` VALUES ('440605', '南海区', '440600');
INSERT INTO `shop_area` VALUES ('440606', '顺德区', '440600');
INSERT INTO `shop_area` VALUES ('440607', '三水区', '440600');
INSERT INTO `shop_area` VALUES ('440608', '高明区', '440600');
INSERT INTO `shop_area` VALUES ('440700', '江门市', '440000');
INSERT INTO `shop_area` VALUES ('440703', '蓬江区', '440700');
INSERT INTO `shop_area` VALUES ('440704', '江海区', '440700');
INSERT INTO `shop_area` VALUES ('440705', '新会区', '440700');
INSERT INTO `shop_area` VALUES ('440781', '台山市', '440700');
INSERT INTO `shop_area` VALUES ('440783', '开平市', '440700');
INSERT INTO `shop_area` VALUES ('440784', '鹤山市', '440700');
INSERT INTO `shop_area` VALUES ('440785', '恩平市', '440700');
INSERT INTO `shop_area` VALUES ('440800', '湛江市', '440000');
INSERT INTO `shop_area` VALUES ('440802', '赤坎区', '440800');
INSERT INTO `shop_area` VALUES ('440803', '霞山区', '440800');
INSERT INTO `shop_area` VALUES ('440804', '坡头区', '440800');
INSERT INTO `shop_area` VALUES ('440811', '麻章区', '440800');
INSERT INTO `shop_area` VALUES ('440823', '遂溪县', '440800');
INSERT INTO `shop_area` VALUES ('440825', '徐闻县', '440800');
INSERT INTO `shop_area` VALUES ('440881', '廉江市', '440800');
INSERT INTO `shop_area` VALUES ('440882', '雷州市', '440800');
INSERT INTO `shop_area` VALUES ('440883', '吴川市', '440800');
INSERT INTO `shop_area` VALUES ('440900', '茂名市', '440000');
INSERT INTO `shop_area` VALUES ('440902', '茂南区', '440900');
INSERT INTO `shop_area` VALUES ('440904', '电白区', '440900');
INSERT INTO `shop_area` VALUES ('440981', '高州市', '440900');
INSERT INTO `shop_area` VALUES ('440982', '化州市', '440900');
INSERT INTO `shop_area` VALUES ('440983', '信宜市', '440900');
INSERT INTO `shop_area` VALUES ('441200', '肇庆市', '440000');
INSERT INTO `shop_area` VALUES ('441202', '端州区', '441200');
INSERT INTO `shop_area` VALUES ('441203', '鼎湖区', '441200');
INSERT INTO `shop_area` VALUES ('441223', '广宁县', '441200');
INSERT INTO `shop_area` VALUES ('441224', '怀集县', '441200');
INSERT INTO `shop_area` VALUES ('441225', '封开县', '441200');
INSERT INTO `shop_area` VALUES ('441226', '德庆县', '441200');
INSERT INTO `shop_area` VALUES ('441283', '高要市', '441200');
INSERT INTO `shop_area` VALUES ('441284', '四会市', '441200');
INSERT INTO `shop_area` VALUES ('441300', '惠州市', '440000');
INSERT INTO `shop_area` VALUES ('441302', '惠城区', '441300');
INSERT INTO `shop_area` VALUES ('441303', '惠阳区', '441300');
INSERT INTO `shop_area` VALUES ('441322', '博罗县', '441300');
INSERT INTO `shop_area` VALUES ('441323', '惠东县', '441300');
INSERT INTO `shop_area` VALUES ('441324', '龙门县', '441300');
INSERT INTO `shop_area` VALUES ('441400', '梅州市', '440000');
INSERT INTO `shop_area` VALUES ('441402', '梅江区', '441400');
INSERT INTO `shop_area` VALUES ('441403', '梅县区', '441400');
INSERT INTO `shop_area` VALUES ('441422', '大埔县', '441400');
INSERT INTO `shop_area` VALUES ('441423', '丰顺县', '441400');
INSERT INTO `shop_area` VALUES ('441424', '五华县', '441400');
INSERT INTO `shop_area` VALUES ('441426', '平远县', '441400');
INSERT INTO `shop_area` VALUES ('441427', '蕉岭县', '441400');
INSERT INTO `shop_area` VALUES ('441481', '兴宁市', '441400');
INSERT INTO `shop_area` VALUES ('441500', '汕尾市', '440000');
INSERT INTO `shop_area` VALUES ('441502', '城区', '441500');
INSERT INTO `shop_area` VALUES ('441521', '海丰县', '441500');
INSERT INTO `shop_area` VALUES ('441523', '陆河县', '441500');
INSERT INTO `shop_area` VALUES ('441581', '陆丰市', '441500');
INSERT INTO `shop_area` VALUES ('441600', '河源市', '440000');
INSERT INTO `shop_area` VALUES ('441602', '源城区', '441600');
INSERT INTO `shop_area` VALUES ('441621', '紫金县', '441600');
INSERT INTO `shop_area` VALUES ('441622', '龙川县', '441600');
INSERT INTO `shop_area` VALUES ('441623', '连平县', '441600');
INSERT INTO `shop_area` VALUES ('441624', '和平县', '441600');
INSERT INTO `shop_area` VALUES ('441625', '东源县', '441600');
INSERT INTO `shop_area` VALUES ('441700', '阳江市', '440000');
INSERT INTO `shop_area` VALUES ('441702', '江城区', '441700');
INSERT INTO `shop_area` VALUES ('441704', '阳东区', '441700');
INSERT INTO `shop_area` VALUES ('441721', '阳西县', '441700');
INSERT INTO `shop_area` VALUES ('441781', '阳春市', '441700');
INSERT INTO `shop_area` VALUES ('441800', '清远市', '440000');
INSERT INTO `shop_area` VALUES ('441802', '清城区', '441800');
INSERT INTO `shop_area` VALUES ('441803', '清新区', '441800');
INSERT INTO `shop_area` VALUES ('441821', '佛冈县', '441800');
INSERT INTO `shop_area` VALUES ('441823', '阳山县', '441800');
INSERT INTO `shop_area` VALUES ('441825', '连山壮族瑶族自治县', '441800');
INSERT INTO `shop_area` VALUES ('441826', '连南瑶族自治县', '441800');
INSERT INTO `shop_area` VALUES ('441881', '英德市', '441800');
INSERT INTO `shop_area` VALUES ('441882', '连州市', '441800');
INSERT INTO `shop_area` VALUES ('441900', '东莞市', '440000');
INSERT INTO `shop_area` VALUES ('441901', '莞城区', '441900');
INSERT INTO `shop_area` VALUES ('441902', '南城区', '441900');
INSERT INTO `shop_area` VALUES ('441904', '万江区', '441900');
INSERT INTO `shop_area` VALUES ('441905', '石碣镇', '441900');
INSERT INTO `shop_area` VALUES ('441906', '石龙镇', '441900');
INSERT INTO `shop_area` VALUES ('441907', '茶山镇', '441900');
INSERT INTO `shop_area` VALUES ('441908', '石排镇', '441900');
INSERT INTO `shop_area` VALUES ('441909', '企石镇', '441900');
INSERT INTO `shop_area` VALUES ('441910', '横沥镇', '441900');
INSERT INTO `shop_area` VALUES ('441911', '桥头镇', '441900');
INSERT INTO `shop_area` VALUES ('441912', '谢岗镇', '441900');
INSERT INTO `shop_area` VALUES ('441913', '东坑镇', '441900');
INSERT INTO `shop_area` VALUES ('441914', '常平镇', '441900');
INSERT INTO `shop_area` VALUES ('441915', '寮步镇', '441900');
INSERT INTO `shop_area` VALUES ('441916', '大朗镇', '441900');
INSERT INTO `shop_area` VALUES ('441917', '麻涌镇', '441900');
INSERT INTO `shop_area` VALUES ('441918', '中堂镇', '441900');
INSERT INTO `shop_area` VALUES ('441919', '高埗镇', '441900');
INSERT INTO `shop_area` VALUES ('441920', '樟木头镇', '441900');
INSERT INTO `shop_area` VALUES ('441921', '大岭山镇', '441900');
INSERT INTO `shop_area` VALUES ('441922', '望牛墩镇', '441900');
INSERT INTO `shop_area` VALUES ('441923', '黄江镇', '441900');
INSERT INTO `shop_area` VALUES ('441924', '洪梅镇', '441900');
INSERT INTO `shop_area` VALUES ('441925', '清溪镇', '441900');
INSERT INTO `shop_area` VALUES ('441926', '沙田镇', '441900');
INSERT INTO `shop_area` VALUES ('441927', '道滘镇', '441900');
INSERT INTO `shop_area` VALUES ('441928', '塘厦镇', '441900');
INSERT INTO `shop_area` VALUES ('441929', '虎门镇', '441900');
INSERT INTO `shop_area` VALUES ('441930', '厚街镇', '441900');
INSERT INTO `shop_area` VALUES ('441931', '凤岗镇', '441900');
INSERT INTO `shop_area` VALUES ('441932', '长安镇', '441900');
INSERT INTO `shop_area` VALUES ('442000', '中山市', '440000');
INSERT INTO `shop_area` VALUES ('442001', '石岐区', '442000');
INSERT INTO `shop_area` VALUES ('442004', '南区', '442000');
INSERT INTO `shop_area` VALUES ('442005', '五桂山区', '442000');
INSERT INTO `shop_area` VALUES ('442006', '火炬开发区', '442000');
INSERT INTO `shop_area` VALUES ('442007', '黄圃镇', '442000');
INSERT INTO `shop_area` VALUES ('442008', '南头镇', '442000');
INSERT INTO `shop_area` VALUES ('442009', '东凤镇', '442000');
INSERT INTO `shop_area` VALUES ('442010', '阜沙镇', '442000');
INSERT INTO `shop_area` VALUES ('442011', '小榄镇', '442000');
INSERT INTO `shop_area` VALUES ('442012', '东升镇', '442000');
INSERT INTO `shop_area` VALUES ('442013', '古镇镇', '442000');
INSERT INTO `shop_area` VALUES ('442014', '横栏镇', '442000');
INSERT INTO `shop_area` VALUES ('442015', '三角镇', '442000');
INSERT INTO `shop_area` VALUES ('442016', '民众镇', '442000');
INSERT INTO `shop_area` VALUES ('442017', '南朗镇', '442000');
INSERT INTO `shop_area` VALUES ('442018', '港口镇', '442000');
INSERT INTO `shop_area` VALUES ('442019', '大涌镇', '442000');
INSERT INTO `shop_area` VALUES ('442020', '沙溪镇', '442000');
INSERT INTO `shop_area` VALUES ('442021', '三乡镇', '442000');
INSERT INTO `shop_area` VALUES ('442022', '板芙镇', '442000');
INSERT INTO `shop_area` VALUES ('442023', '神湾镇', '442000');
INSERT INTO `shop_area` VALUES ('442024', '坦洲镇', '442000');
INSERT INTO `shop_area` VALUES ('445100', '潮州市', '440000');
INSERT INTO `shop_area` VALUES ('445102', '湘桥区', '445100');
INSERT INTO `shop_area` VALUES ('445103', '潮安区', '445100');
INSERT INTO `shop_area` VALUES ('445122', '饶平县', '445100');
INSERT INTO `shop_area` VALUES ('445200', '揭阳市', '440000');
INSERT INTO `shop_area` VALUES ('445202', '榕城区', '445200');
INSERT INTO `shop_area` VALUES ('445203', '揭东区', '445200');
INSERT INTO `shop_area` VALUES ('445222', '揭西县', '445200');
INSERT INTO `shop_area` VALUES ('445224', '惠来县', '445200');
INSERT INTO `shop_area` VALUES ('445281', '普宁市', '445200');
INSERT INTO `shop_area` VALUES ('445300', '云浮市', '440000');
INSERT INTO `shop_area` VALUES ('445302', '云城区', '445300');
INSERT INTO `shop_area` VALUES ('445303', '云安区', '445300');
INSERT INTO `shop_area` VALUES ('445321', '新兴县', '445300');
INSERT INTO `shop_area` VALUES ('445322', '郁南县', '445300');
INSERT INTO `shop_area` VALUES ('445381', '罗定市', '445300');
INSERT INTO `shop_area` VALUES ('450000', '广西壮族自治区', '0');
INSERT INTO `shop_area` VALUES ('450100', '南宁市', '450000');
INSERT INTO `shop_area` VALUES ('450102', '兴宁区', '450100');
INSERT INTO `shop_area` VALUES ('450103', '青秀区', '450100');
INSERT INTO `shop_area` VALUES ('450105', '江南区', '450100');
INSERT INTO `shop_area` VALUES ('450107', '西乡塘区', '450100');
INSERT INTO `shop_area` VALUES ('450108', '良庆区', '450100');
INSERT INTO `shop_area` VALUES ('450109', '邕宁区', '450100');
INSERT INTO `shop_area` VALUES ('450122', '武鸣县', '450100');
INSERT INTO `shop_area` VALUES ('450123', '隆安县', '450100');
INSERT INTO `shop_area` VALUES ('450124', '马山县', '450100');
INSERT INTO `shop_area` VALUES ('450125', '上林县', '450100');
INSERT INTO `shop_area` VALUES ('450126', '宾阳县', '450100');
INSERT INTO `shop_area` VALUES ('450127', '横县', '450100');
INSERT INTO `shop_area` VALUES ('450128', '埌东新区', '450100');
INSERT INTO `shop_area` VALUES ('450200', '柳州市', '450000');
INSERT INTO `shop_area` VALUES ('450202', '城中区', '450200');
INSERT INTO `shop_area` VALUES ('450203', '鱼峰区', '450200');
INSERT INTO `shop_area` VALUES ('450204', '柳南区', '450200');
INSERT INTO `shop_area` VALUES ('450205', '柳北区', '450200');
INSERT INTO `shop_area` VALUES ('450221', '柳江县', '450200');
INSERT INTO `shop_area` VALUES ('450222', '柳城县', '450200');
INSERT INTO `shop_area` VALUES ('450223', '鹿寨县', '450200');
INSERT INTO `shop_area` VALUES ('450224', '融安县', '450200');
INSERT INTO `shop_area` VALUES ('450225', '融水苗族自治县', '450200');
INSERT INTO `shop_area` VALUES ('450226', '三江侗族自治县', '450200');
INSERT INTO `shop_area` VALUES ('450227', '柳东新区', '450200');
INSERT INTO `shop_area` VALUES ('450300', '桂林市', '450000');
INSERT INTO `shop_area` VALUES ('450302', '秀峰区', '450300');
INSERT INTO `shop_area` VALUES ('450303', '叠彩区', '450300');
INSERT INTO `shop_area` VALUES ('450304', '象山区', '450300');
INSERT INTO `shop_area` VALUES ('450305', '七星区', '450300');
INSERT INTO `shop_area` VALUES ('450311', '雁山区', '450300');
INSERT INTO `shop_area` VALUES ('450312', '临桂区', '450300');
INSERT INTO `shop_area` VALUES ('450321', '阳朔县', '450300');
INSERT INTO `shop_area` VALUES ('450323', '灵川县', '450300');
INSERT INTO `shop_area` VALUES ('450324', '全州县', '450300');
INSERT INTO `shop_area` VALUES ('450325', '兴安县', '450300');
INSERT INTO `shop_area` VALUES ('450326', '永福县', '450300');
INSERT INTO `shop_area` VALUES ('450327', '灌阳县', '450300');
INSERT INTO `shop_area` VALUES ('450328', '龙胜各族自治县', '450300');
INSERT INTO `shop_area` VALUES ('450329', '资源县', '450300');
INSERT INTO `shop_area` VALUES ('450330', '平乐县', '450300');
INSERT INTO `shop_area` VALUES ('450331', '荔浦县', '450300');
INSERT INTO `shop_area` VALUES ('450332', '恭城瑶族自治县', '450300');
INSERT INTO `shop_area` VALUES ('450400', '梧州市', '450000');
INSERT INTO `shop_area` VALUES ('450403', '万秀区', '450400');
INSERT INTO `shop_area` VALUES ('450405', '长洲区', '450400');
INSERT INTO `shop_area` VALUES ('450406', '龙圩区', '450400');
INSERT INTO `shop_area` VALUES ('450421', '苍梧县', '450400');
INSERT INTO `shop_area` VALUES ('450422', '藤县', '450400');
INSERT INTO `shop_area` VALUES ('450423', '蒙山县', '450400');
INSERT INTO `shop_area` VALUES ('450481', '岑溪市', '450400');
INSERT INTO `shop_area` VALUES ('450500', '北海市', '450000');
INSERT INTO `shop_area` VALUES ('450502', '海城区', '450500');
INSERT INTO `shop_area` VALUES ('450503', '银海区', '450500');
INSERT INTO `shop_area` VALUES ('450512', '铁山港区', '450500');
INSERT INTO `shop_area` VALUES ('450521', '合浦县', '450500');
INSERT INTO `shop_area` VALUES ('450600', '防城港市', '450000');
INSERT INTO `shop_area` VALUES ('450602', '港口区', '450600');
INSERT INTO `shop_area` VALUES ('450603', '防城区', '450600');
INSERT INTO `shop_area` VALUES ('450621', '上思县', '450600');
INSERT INTO `shop_area` VALUES ('450681', '东兴市', '450600');
INSERT INTO `shop_area` VALUES ('450700', '钦州市', '450000');
INSERT INTO `shop_area` VALUES ('450702', '钦南区', '450700');
INSERT INTO `shop_area` VALUES ('450703', '钦北区', '450700');
INSERT INTO `shop_area` VALUES ('450721', '灵山县', '450700');
INSERT INTO `shop_area` VALUES ('450722', '浦北县', '450700');
INSERT INTO `shop_area` VALUES ('450800', '贵港市', '450000');
INSERT INTO `shop_area` VALUES ('450802', '港北区', '450800');
INSERT INTO `shop_area` VALUES ('450803', '港南区', '450800');
INSERT INTO `shop_area` VALUES ('450804', '覃塘区', '450800');
INSERT INTO `shop_area` VALUES ('450821', '平南县', '450800');
INSERT INTO `shop_area` VALUES ('450881', '桂平市', '450800');
INSERT INTO `shop_area` VALUES ('450900', '玉林市', '450000');
INSERT INTO `shop_area` VALUES ('450902', '玉州区', '450900');
INSERT INTO `shop_area` VALUES ('450903', '福绵区', '450900');
INSERT INTO `shop_area` VALUES ('450904', '玉东新区', '450900');
INSERT INTO `shop_area` VALUES ('450921', '容县', '450900');
INSERT INTO `shop_area` VALUES ('450922', '陆川县', '450900');
INSERT INTO `shop_area` VALUES ('450923', '博白县', '450900');
INSERT INTO `shop_area` VALUES ('450924', '兴业县', '450900');
INSERT INTO `shop_area` VALUES ('450981', '北流市', '450900');
INSERT INTO `shop_area` VALUES ('451000', '百色市', '450000');
INSERT INTO `shop_area` VALUES ('451002', '右江区', '451000');
INSERT INTO `shop_area` VALUES ('451021', '田阳县', '451000');
INSERT INTO `shop_area` VALUES ('451022', '田东县', '451000');
INSERT INTO `shop_area` VALUES ('451023', '平果县', '451000');
INSERT INTO `shop_area` VALUES ('451024', '德保县', '451000');
INSERT INTO `shop_area` VALUES ('451025', '靖西县', '451000');
INSERT INTO `shop_area` VALUES ('451026', '那坡县', '451000');
INSERT INTO `shop_area` VALUES ('451027', '凌云县', '451000');
INSERT INTO `shop_area` VALUES ('451028', '乐业县', '451000');
INSERT INTO `shop_area` VALUES ('451029', '田林县', '451000');
INSERT INTO `shop_area` VALUES ('451030', '西林县', '451000');
INSERT INTO `shop_area` VALUES ('451031', '隆林各族自治县', '451000');
INSERT INTO `shop_area` VALUES ('451100', '贺州市', '450000');
INSERT INTO `shop_area` VALUES ('451102', '八步区', '451100');
INSERT INTO `shop_area` VALUES ('451121', '昭平县', '451100');
INSERT INTO `shop_area` VALUES ('451122', '钟山县', '451100');
INSERT INTO `shop_area` VALUES ('451123', '富川瑶族自治县', '451100');
INSERT INTO `shop_area` VALUES ('451124', '平桂管理区', '451100');
INSERT INTO `shop_area` VALUES ('451200', '河池市', '450000');
INSERT INTO `shop_area` VALUES ('451202', '金城江区', '451200');
INSERT INTO `shop_area` VALUES ('451221', '南丹县', '451200');
INSERT INTO `shop_area` VALUES ('451222', '天峨县', '451200');
INSERT INTO `shop_area` VALUES ('451223', '凤山县', '451200');
INSERT INTO `shop_area` VALUES ('451224', '东兰县', '451200');
INSERT INTO `shop_area` VALUES ('451225', '罗城仫佬族自治县', '451200');
INSERT INTO `shop_area` VALUES ('451226', '环江毛南族自治县', '451200');
INSERT INTO `shop_area` VALUES ('451227', '巴马瑶族自治县', '451200');
INSERT INTO `shop_area` VALUES ('451228', '都安瑶族自治县', '451200');
INSERT INTO `shop_area` VALUES ('451229', '大化瑶族自治县', '451200');
INSERT INTO `shop_area` VALUES ('451281', '宜州市', '451200');
INSERT INTO `shop_area` VALUES ('451300', '来宾市', '450000');
INSERT INTO `shop_area` VALUES ('451302', '兴宾区', '451300');
INSERT INTO `shop_area` VALUES ('451321', '忻城县', '451300');
INSERT INTO `shop_area` VALUES ('451322', '象州县', '451300');
INSERT INTO `shop_area` VALUES ('451323', '武宣县', '451300');
INSERT INTO `shop_area` VALUES ('451324', '金秀瑶族自治县', '451300');
INSERT INTO `shop_area` VALUES ('451381', '合山市', '451300');
INSERT INTO `shop_area` VALUES ('451400', '崇左市', '450000');
INSERT INTO `shop_area` VALUES ('451402', '江州区', '451400');
INSERT INTO `shop_area` VALUES ('451421', '扶绥县', '451400');
INSERT INTO `shop_area` VALUES ('451422', '宁明县', '451400');
INSERT INTO `shop_area` VALUES ('451423', '龙州县', '451400');
INSERT INTO `shop_area` VALUES ('451424', '大新县', '451400');
INSERT INTO `shop_area` VALUES ('451425', '天等县', '451400');
INSERT INTO `shop_area` VALUES ('451481', '凭祥市', '451400');
INSERT INTO `shop_area` VALUES ('460000', '海南省', '0');
INSERT INTO `shop_area` VALUES ('460100', '海口市', '460000');
INSERT INTO `shop_area` VALUES ('460105', '秀英区', '460100');
INSERT INTO `shop_area` VALUES ('460106', '龙华区', '460100');
INSERT INTO `shop_area` VALUES ('460107', '琼山区', '460100');
INSERT INTO `shop_area` VALUES ('460108', '美兰区', '460100');
INSERT INTO `shop_area` VALUES ('460200', '三亚市', '460000');
INSERT INTO `shop_area` VALUES ('460202', '海棠区', '460200');
INSERT INTO `shop_area` VALUES ('460203', '吉阳区', '460200');
INSERT INTO `shop_area` VALUES ('460204', '天涯区', '460200');
INSERT INTO `shop_area` VALUES ('460205', '崖州区', '460200');
INSERT INTO `shop_area` VALUES ('460300', '三沙市', '460000');
INSERT INTO `shop_area` VALUES ('460321', '西沙群岛', '460300');
INSERT INTO `shop_area` VALUES ('460322', '南沙群岛', '460300');
INSERT INTO `shop_area` VALUES ('460323', '中沙群岛', '460300');
INSERT INTO `shop_area` VALUES ('469000', '直辖县级', '460000');
INSERT INTO `shop_area` VALUES ('469001', '五指山市', '469000');
INSERT INTO `shop_area` VALUES ('469002', '琼海市', '469000');
INSERT INTO `shop_area` VALUES ('469003', '儋州市', '469000');
INSERT INTO `shop_area` VALUES ('469005', '文昌市', '469000');
INSERT INTO `shop_area` VALUES ('469006', '万宁市', '469000');
INSERT INTO `shop_area` VALUES ('469007', '东方市', '469000');
INSERT INTO `shop_area` VALUES ('469021', '定安县', '469000');
INSERT INTO `shop_area` VALUES ('469022', '屯昌县', '469000');
INSERT INTO `shop_area` VALUES ('469023', '澄迈县', '469000');
INSERT INTO `shop_area` VALUES ('469024', '临高县', '469000');
INSERT INTO `shop_area` VALUES ('469025', '白沙黎族自治县', '469000');
INSERT INTO `shop_area` VALUES ('469026', '昌江黎族自治县', '469000');
INSERT INTO `shop_area` VALUES ('469027', '乐东黎族自治县', '469000');
INSERT INTO `shop_area` VALUES ('469028', '陵水黎族自治县', '469000');
INSERT INTO `shop_area` VALUES ('469029', '保亭黎族苗族自治县', '469000');
INSERT INTO `shop_area` VALUES ('469030', '琼中黎族苗族自治县', '469000');
INSERT INTO `shop_area` VALUES ('500000', '重庆', '0');
INSERT INTO `shop_area` VALUES ('500100', '重庆市', '500000');
INSERT INTO `shop_area` VALUES ('500101', '万州区', '500100');
INSERT INTO `shop_area` VALUES ('500102', '涪陵区', '500100');
INSERT INTO `shop_area` VALUES ('500103', '渝中区', '500100');
INSERT INTO `shop_area` VALUES ('500104', '大渡口区', '500100');
INSERT INTO `shop_area` VALUES ('500105', '江北区', '500100');
INSERT INTO `shop_area` VALUES ('500106', '沙坪坝区', '500100');
INSERT INTO `shop_area` VALUES ('500107', '九龙坡区', '500100');
INSERT INTO `shop_area` VALUES ('500108', '南岸区', '500100');
INSERT INTO `shop_area` VALUES ('500109', '北碚区', '500100');
INSERT INTO `shop_area` VALUES ('500110', '綦江区', '500100');
INSERT INTO `shop_area` VALUES ('500111', '大足区', '500100');
INSERT INTO `shop_area` VALUES ('500112', '渝北区', '500100');
INSERT INTO `shop_area` VALUES ('500113', '巴南区', '500100');
INSERT INTO `shop_area` VALUES ('500114', '黔江区', '500100');
INSERT INTO `shop_area` VALUES ('500115', '长寿区', '500100');
INSERT INTO `shop_area` VALUES ('500116', '江津区', '500100');
INSERT INTO `shop_area` VALUES ('500117', '合川区', '500100');
INSERT INTO `shop_area` VALUES ('500118', '永川区', '500100');
INSERT INTO `shop_area` VALUES ('500119', '南川区', '500100');
INSERT INTO `shop_area` VALUES ('500120', '璧山区', '500100');
INSERT INTO `shop_area` VALUES ('500151', '铜梁区', '500100');
INSERT INTO `shop_area` VALUES ('500223', '潼南县', '500100');
INSERT INTO `shop_area` VALUES ('500226', '荣昌县', '500100');
INSERT INTO `shop_area` VALUES ('500228', '梁平县', '500100');
INSERT INTO `shop_area` VALUES ('500229', '城口县', '500100');
INSERT INTO `shop_area` VALUES ('500230', '丰都县', '500100');
INSERT INTO `shop_area` VALUES ('500231', '垫江县', '500100');
INSERT INTO `shop_area` VALUES ('500232', '武隆县', '500100');
INSERT INTO `shop_area` VALUES ('500233', '忠县', '500100');
INSERT INTO `shop_area` VALUES ('500234', '开县', '500100');
INSERT INTO `shop_area` VALUES ('500235', '云阳县', '500100');
INSERT INTO `shop_area` VALUES ('500236', '奉节县', '500100');
INSERT INTO `shop_area` VALUES ('500237', '巫山县', '500100');
INSERT INTO `shop_area` VALUES ('500238', '巫溪县', '500100');
INSERT INTO `shop_area` VALUES ('500240', '石柱土家族自治县', '500100');
INSERT INTO `shop_area` VALUES ('500241', '秀山土家族苗族自治县', '500100');
INSERT INTO `shop_area` VALUES ('500242', '酉阳土家族苗族自治县', '500100');
INSERT INTO `shop_area` VALUES ('500243', '彭水苗族土家族自治县', '500100');
INSERT INTO `shop_area` VALUES ('500300', '两江新区', '500000');
INSERT INTO `shop_area` VALUES ('500301', '北部新区', '500300');
INSERT INTO `shop_area` VALUES ('500302', '保税港区', '500300');
INSERT INTO `shop_area` VALUES ('500303', '工业园区', '500300');
INSERT INTO `shop_area` VALUES ('510000', '四川省', '0');
INSERT INTO `shop_area` VALUES ('510100', '成都市', '510000');
INSERT INTO `shop_area` VALUES ('510104', '锦江区', '510100');
INSERT INTO `shop_area` VALUES ('510105', '青羊区', '510100');
INSERT INTO `shop_area` VALUES ('510106', '金牛区', '510100');
INSERT INTO `shop_area` VALUES ('510107', '武侯区', '510100');
INSERT INTO `shop_area` VALUES ('510108', '成华区', '510100');
INSERT INTO `shop_area` VALUES ('510112', '龙泉驿区', '510100');
INSERT INTO `shop_area` VALUES ('510113', '青白江区', '510100');
INSERT INTO `shop_area` VALUES ('510114', '新都区', '510100');
INSERT INTO `shop_area` VALUES ('510115', '温江区', '510100');
INSERT INTO `shop_area` VALUES ('510121', '金堂县', '510100');
INSERT INTO `shop_area` VALUES ('510122', '双流县', '510100');
INSERT INTO `shop_area` VALUES ('510124', '郫县', '510100');
INSERT INTO `shop_area` VALUES ('510129', '大邑县', '510100');
INSERT INTO `shop_area` VALUES ('510131', '蒲江县', '510100');
INSERT INTO `shop_area` VALUES ('510132', '新津县', '510100');
INSERT INTO `shop_area` VALUES ('510181', '都江堰市', '510100');
INSERT INTO `shop_area` VALUES ('510182', '彭州市', '510100');
INSERT INTO `shop_area` VALUES ('510183', '邛崃市', '510100');
INSERT INTO `shop_area` VALUES ('510184', '崇州市', '510100');
INSERT INTO `shop_area` VALUES ('510300', '自贡市', '510000');
INSERT INTO `shop_area` VALUES ('510302', '自流井区', '510300');
INSERT INTO `shop_area` VALUES ('510303', '贡井区', '510300');
INSERT INTO `shop_area` VALUES ('510304', '大安区', '510300');
INSERT INTO `shop_area` VALUES ('510311', '沿滩区', '510300');
INSERT INTO `shop_area` VALUES ('510321', '荣县', '510300');
INSERT INTO `shop_area` VALUES ('510322', '富顺县', '510300');
INSERT INTO `shop_area` VALUES ('510400', '攀枝花市', '510000');
INSERT INTO `shop_area` VALUES ('510402', '东区', '510400');
INSERT INTO `shop_area` VALUES ('510403', '西区', '510400');
INSERT INTO `shop_area` VALUES ('510411', '仁和区', '510400');
INSERT INTO `shop_area` VALUES ('510421', '米易县', '510400');
INSERT INTO `shop_area` VALUES ('510422', '盐边县', '510400');
INSERT INTO `shop_area` VALUES ('510500', '泸州市', '510000');
INSERT INTO `shop_area` VALUES ('510502', '江阳区', '510500');
INSERT INTO `shop_area` VALUES ('510503', '纳溪区', '510500');
INSERT INTO `shop_area` VALUES ('510504', '龙马潭区', '510500');
INSERT INTO `shop_area` VALUES ('510521', '泸县', '510500');
INSERT INTO `shop_area` VALUES ('510522', '合江县', '510500');
INSERT INTO `shop_area` VALUES ('510524', '叙永县', '510500');
INSERT INTO `shop_area` VALUES ('510525', '古蔺县', '510500');
INSERT INTO `shop_area` VALUES ('510600', '德阳市', '510000');
INSERT INTO `shop_area` VALUES ('510603', '旌阳区', '510600');
INSERT INTO `shop_area` VALUES ('510623', '中江县', '510600');
INSERT INTO `shop_area` VALUES ('510626', '罗江县', '510600');
INSERT INTO `shop_area` VALUES ('510681', '广汉市', '510600');
INSERT INTO `shop_area` VALUES ('510682', '什邡市', '510600');
INSERT INTO `shop_area` VALUES ('510683', '绵竹市', '510600');
INSERT INTO `shop_area` VALUES ('510700', '绵阳市', '510000');
INSERT INTO `shop_area` VALUES ('510703', '涪城区', '510700');
INSERT INTO `shop_area` VALUES ('510704', '游仙区', '510700');
INSERT INTO `shop_area` VALUES ('510722', '三台县', '510700');
INSERT INTO `shop_area` VALUES ('510723', '盐亭县', '510700');
INSERT INTO `shop_area` VALUES ('510724', '安县', '510700');
INSERT INTO `shop_area` VALUES ('510725', '梓潼县', '510700');
INSERT INTO `shop_area` VALUES ('510726', '北川羌族自治县', '510700');
INSERT INTO `shop_area` VALUES ('510727', '平武县', '510700');
INSERT INTO `shop_area` VALUES ('510781', '江油市', '510700');
INSERT INTO `shop_area` VALUES ('510800', '广元市', '510000');
INSERT INTO `shop_area` VALUES ('510802', '利州区', '510800');
INSERT INTO `shop_area` VALUES ('510811', '昭化区', '510800');
INSERT INTO `shop_area` VALUES ('510812', '朝天区', '510800');
INSERT INTO `shop_area` VALUES ('510821', '旺苍县', '510800');
INSERT INTO `shop_area` VALUES ('510822', '青川县', '510800');
INSERT INTO `shop_area` VALUES ('510823', '剑阁县', '510800');
INSERT INTO `shop_area` VALUES ('510824', '苍溪县', '510800');
INSERT INTO `shop_area` VALUES ('510900', '遂宁市', '510000');
INSERT INTO `shop_area` VALUES ('510903', '船山区', '510900');
INSERT INTO `shop_area` VALUES ('510904', '安居区', '510900');
INSERT INTO `shop_area` VALUES ('510921', '蓬溪县', '510900');
INSERT INTO `shop_area` VALUES ('510922', '射洪县', '510900');
INSERT INTO `shop_area` VALUES ('510923', '大英县', '510900');
INSERT INTO `shop_area` VALUES ('511000', '内江市', '510000');
INSERT INTO `shop_area` VALUES ('511002', '市中区', '511000');
INSERT INTO `shop_area` VALUES ('511011', '东兴区', '511000');
INSERT INTO `shop_area` VALUES ('511024', '威远县', '511000');
INSERT INTO `shop_area` VALUES ('511025', '资中县', '511000');
INSERT INTO `shop_area` VALUES ('511028', '隆昌县', '511000');
INSERT INTO `shop_area` VALUES ('511100', '乐山市', '510000');
INSERT INTO `shop_area` VALUES ('511102', '市中区', '511100');
INSERT INTO `shop_area` VALUES ('511111', '沙湾区', '511100');
INSERT INTO `shop_area` VALUES ('511112', '五通桥区', '511100');
INSERT INTO `shop_area` VALUES ('511113', '金口河区', '511100');
INSERT INTO `shop_area` VALUES ('511123', '犍为县', '511100');
INSERT INTO `shop_area` VALUES ('511124', '井研县', '511100');
INSERT INTO `shop_area` VALUES ('511126', '夹江县', '511100');
INSERT INTO `shop_area` VALUES ('511129', '沐川县', '511100');
INSERT INTO `shop_area` VALUES ('511132', '峨边彝族自治县', '511100');
INSERT INTO `shop_area` VALUES ('511133', '马边彝族自治县', '511100');
INSERT INTO `shop_area` VALUES ('511181', '峨眉山市', '511100');
INSERT INTO `shop_area` VALUES ('511300', '南充市', '510000');
INSERT INTO `shop_area` VALUES ('511302', '顺庆区', '511300');
INSERT INTO `shop_area` VALUES ('511303', '高坪区', '511300');
INSERT INTO `shop_area` VALUES ('511304', '嘉陵区', '511300');
INSERT INTO `shop_area` VALUES ('511321', '南部县', '511300');
INSERT INTO `shop_area` VALUES ('511322', '营山县', '511300');
INSERT INTO `shop_area` VALUES ('511323', '蓬安县', '511300');
INSERT INTO `shop_area` VALUES ('511324', '仪陇县', '511300');
INSERT INTO `shop_area` VALUES ('511325', '西充县', '511300');
INSERT INTO `shop_area` VALUES ('511381', '阆中市', '511300');
INSERT INTO `shop_area` VALUES ('511400', '眉山市', '510000');
INSERT INTO `shop_area` VALUES ('511402', '东坡区', '511400');
INSERT INTO `shop_area` VALUES ('511403', '彭山区', '511400');
INSERT INTO `shop_area` VALUES ('511421', '仁寿县', '511400');
INSERT INTO `shop_area` VALUES ('511423', '洪雅县', '511400');
INSERT INTO `shop_area` VALUES ('511424', '丹棱县', '511400');
INSERT INTO `shop_area` VALUES ('511425', '青神县', '511400');
INSERT INTO `shop_area` VALUES ('511500', '宜宾市', '510000');
INSERT INTO `shop_area` VALUES ('511502', '翠屏区', '511500');
INSERT INTO `shop_area` VALUES ('511503', '南溪区', '511500');
INSERT INTO `shop_area` VALUES ('511521', '宜宾县', '511500');
INSERT INTO `shop_area` VALUES ('511523', '江安县', '511500');
INSERT INTO `shop_area` VALUES ('511524', '长宁县', '511500');
INSERT INTO `shop_area` VALUES ('511525', '高县', '511500');
INSERT INTO `shop_area` VALUES ('511526', '珙县', '511500');
INSERT INTO `shop_area` VALUES ('511527', '筠连县', '511500');
INSERT INTO `shop_area` VALUES ('511528', '兴文县', '511500');
INSERT INTO `shop_area` VALUES ('511529', '屏山县', '511500');
INSERT INTO `shop_area` VALUES ('511600', '广安市', '510000');
INSERT INTO `shop_area` VALUES ('511602', '广安区', '511600');
INSERT INTO `shop_area` VALUES ('511603', '前锋区', '511600');
INSERT INTO `shop_area` VALUES ('511621', '岳池县', '511600');
INSERT INTO `shop_area` VALUES ('511622', '武胜县', '511600');
INSERT INTO `shop_area` VALUES ('511623', '邻水县', '511600');
INSERT INTO `shop_area` VALUES ('511681', '华蓥市', '511600');
INSERT INTO `shop_area` VALUES ('511700', '达州市', '510000');
INSERT INTO `shop_area` VALUES ('511702', '通川区', '511700');
INSERT INTO `shop_area` VALUES ('511703', '达川区', '511700');
INSERT INTO `shop_area` VALUES ('511722', '宣汉县', '511700');
INSERT INTO `shop_area` VALUES ('511723', '开江县', '511700');
INSERT INTO `shop_area` VALUES ('511724', '大竹县', '511700');
INSERT INTO `shop_area` VALUES ('511725', '渠县', '511700');
INSERT INTO `shop_area` VALUES ('511781', '万源市', '511700');
INSERT INTO `shop_area` VALUES ('511800', '雅安市', '510000');
INSERT INTO `shop_area` VALUES ('511802', '雨城区', '511800');
INSERT INTO `shop_area` VALUES ('511803', '名山区', '511800');
INSERT INTO `shop_area` VALUES ('511822', '荥经县', '511800');
INSERT INTO `shop_area` VALUES ('511823', '汉源县', '511800');
INSERT INTO `shop_area` VALUES ('511824', '石棉县', '511800');
INSERT INTO `shop_area` VALUES ('511825', '天全县', '511800');
INSERT INTO `shop_area` VALUES ('511826', '芦山县', '511800');
INSERT INTO `shop_area` VALUES ('511827', '宝兴县', '511800');
INSERT INTO `shop_area` VALUES ('511900', '巴中市', '510000');
INSERT INTO `shop_area` VALUES ('511902', '巴州区', '511900');
INSERT INTO `shop_area` VALUES ('511903', '恩阳区', '511900');
INSERT INTO `shop_area` VALUES ('511921', '通江县', '511900');
INSERT INTO `shop_area` VALUES ('511922', '南江县', '511900');
INSERT INTO `shop_area` VALUES ('511923', '平昌县', '511900');
INSERT INTO `shop_area` VALUES ('512000', '资阳市', '510000');
INSERT INTO `shop_area` VALUES ('512002', '雁江区', '512000');
INSERT INTO `shop_area` VALUES ('512021', '安岳县', '512000');
INSERT INTO `shop_area` VALUES ('512022', '乐至县', '512000');
INSERT INTO `shop_area` VALUES ('512081', '简阳市', '512000');
INSERT INTO `shop_area` VALUES ('513200', '阿坝藏族羌族自治州', '510000');
INSERT INTO `shop_area` VALUES ('513221', '汶川县', '513200');
INSERT INTO `shop_area` VALUES ('513222', '理县', '513200');
INSERT INTO `shop_area` VALUES ('513223', '茂县', '513200');
INSERT INTO `shop_area` VALUES ('513224', '松潘县', '513200');
INSERT INTO `shop_area` VALUES ('513225', '九寨沟县', '513200');
INSERT INTO `shop_area` VALUES ('513226', '金川县', '513200');
INSERT INTO `shop_area` VALUES ('513227', '小金县', '513200');
INSERT INTO `shop_area` VALUES ('513228', '黑水县', '513200');
INSERT INTO `shop_area` VALUES ('513229', '马尔康县', '513200');
INSERT INTO `shop_area` VALUES ('513230', '壤塘县', '513200');
INSERT INTO `shop_area` VALUES ('513231', '阿坝县', '513200');
INSERT INTO `shop_area` VALUES ('513232', '若尔盖县', '513200');
INSERT INTO `shop_area` VALUES ('513233', '红原县', '513200');
INSERT INTO `shop_area` VALUES ('513300', '甘孜藏族自治州', '510000');
INSERT INTO `shop_area` VALUES ('513321', '康定县', '513300');
INSERT INTO `shop_area` VALUES ('513322', '泸定县', '513300');
INSERT INTO `shop_area` VALUES ('513323', '丹巴县', '513300');
INSERT INTO `shop_area` VALUES ('513324', '九龙县', '513300');
INSERT INTO `shop_area` VALUES ('513325', '雅江县', '513300');
INSERT INTO `shop_area` VALUES ('513326', '道孚县', '513300');
INSERT INTO `shop_area` VALUES ('513327', '炉霍县', '513300');
INSERT INTO `shop_area` VALUES ('513328', '甘孜县', '513300');
INSERT INTO `shop_area` VALUES ('513329', '新龙县', '513300');
INSERT INTO `shop_area` VALUES ('513330', '德格县', '513300');
INSERT INTO `shop_area` VALUES ('513331', '白玉县', '513300');
INSERT INTO `shop_area` VALUES ('513332', '石渠县', '513300');
INSERT INTO `shop_area` VALUES ('513333', '色达县', '513300');
INSERT INTO `shop_area` VALUES ('513334', '理塘县', '513300');
INSERT INTO `shop_area` VALUES ('513335', '巴塘县', '513300');
INSERT INTO `shop_area` VALUES ('513336', '乡城县', '513300');
INSERT INTO `shop_area` VALUES ('513337', '稻城县', '513300');
INSERT INTO `shop_area` VALUES ('513338', '得荣县', '513300');
INSERT INTO `shop_area` VALUES ('513400', '凉山彝族自治州', '510000');
INSERT INTO `shop_area` VALUES ('513401', '西昌市', '513400');
INSERT INTO `shop_area` VALUES ('513422', '木里藏族自治县', '513400');
INSERT INTO `shop_area` VALUES ('513423', '盐源县', '513400');
INSERT INTO `shop_area` VALUES ('513424', '德昌县', '513400');
INSERT INTO `shop_area` VALUES ('513425', '会理县', '513400');
INSERT INTO `shop_area` VALUES ('513426', '会东县', '513400');
INSERT INTO `shop_area` VALUES ('513427', '宁南县', '513400');
INSERT INTO `shop_area` VALUES ('513428', '普格县', '513400');
INSERT INTO `shop_area` VALUES ('513429', '布拖县', '513400');
INSERT INTO `shop_area` VALUES ('513430', '金阳县', '513400');
INSERT INTO `shop_area` VALUES ('513431', '昭觉县', '513400');
INSERT INTO `shop_area` VALUES ('513432', '喜德县', '513400');
INSERT INTO `shop_area` VALUES ('513433', '冕宁县', '513400');
INSERT INTO `shop_area` VALUES ('513434', '越西县', '513400');
INSERT INTO `shop_area` VALUES ('513435', '甘洛县', '513400');
INSERT INTO `shop_area` VALUES ('513436', '美姑县', '513400');
INSERT INTO `shop_area` VALUES ('513437', '雷波县', '513400');
INSERT INTO `shop_area` VALUES ('520000', '贵州省', '0');
INSERT INTO `shop_area` VALUES ('520100', '贵阳市', '520000');
INSERT INTO `shop_area` VALUES ('520102', '南明区', '520100');
INSERT INTO `shop_area` VALUES ('520103', '云岩区', '520100');
INSERT INTO `shop_area` VALUES ('520111', '花溪区', '520100');
INSERT INTO `shop_area` VALUES ('520112', '乌当区', '520100');
INSERT INTO `shop_area` VALUES ('520113', '白云区', '520100');
INSERT INTO `shop_area` VALUES ('520115', '观山湖区', '520100');
INSERT INTO `shop_area` VALUES ('520121', '开阳县', '520100');
INSERT INTO `shop_area` VALUES ('520122', '息烽县', '520100');
INSERT INTO `shop_area` VALUES ('520123', '修文县', '520100');
INSERT INTO `shop_area` VALUES ('520181', '清镇市', '520100');
INSERT INTO `shop_area` VALUES ('520200', '六盘水市', '520000');
INSERT INTO `shop_area` VALUES ('520201', '钟山区', '520200');
INSERT INTO `shop_area` VALUES ('520203', '六枝特区', '520200');
INSERT INTO `shop_area` VALUES ('520221', '水城县', '520200');
INSERT INTO `shop_area` VALUES ('520222', '盘县', '520200');
INSERT INTO `shop_area` VALUES ('520300', '遵义市', '520000');
INSERT INTO `shop_area` VALUES ('520302', '红花岗区', '520300');
INSERT INTO `shop_area` VALUES ('520303', '汇川区', '520300');
INSERT INTO `shop_area` VALUES ('520321', '遵义县', '520300');
INSERT INTO `shop_area` VALUES ('520322', '桐梓县', '520300');
INSERT INTO `shop_area` VALUES ('520323', '绥阳县', '520300');
INSERT INTO `shop_area` VALUES ('520324', '正安县', '520300');
INSERT INTO `shop_area` VALUES ('520325', '道真仡佬族苗族自治县', '520300');
INSERT INTO `shop_area` VALUES ('520326', '务川仡佬族苗族自治县', '520300');
INSERT INTO `shop_area` VALUES ('520327', '凤冈县', '520300');
INSERT INTO `shop_area` VALUES ('520328', '湄潭县', '520300');
INSERT INTO `shop_area` VALUES ('520329', '余庆县', '520300');
INSERT INTO `shop_area` VALUES ('520330', '习水县', '520300');
INSERT INTO `shop_area` VALUES ('520381', '赤水市', '520300');
INSERT INTO `shop_area` VALUES ('520382', '仁怀市', '520300');
INSERT INTO `shop_area` VALUES ('520400', '安顺市', '520000');
INSERT INTO `shop_area` VALUES ('520402', '西秀区', '520400');
INSERT INTO `shop_area` VALUES ('520421', '平坝区', '520400');
INSERT INTO `shop_area` VALUES ('520422', '普定县', '520400');
INSERT INTO `shop_area` VALUES ('520423', '镇宁布依族苗族自治县', '520400');
INSERT INTO `shop_area` VALUES ('520424', '关岭布依族苗族自治县', '520400');
INSERT INTO `shop_area` VALUES ('520425', '紫云苗族布依族自治县', '520400');
INSERT INTO `shop_area` VALUES ('520500', '毕节市', '520000');
INSERT INTO `shop_area` VALUES ('520502', '七星关区', '520500');
INSERT INTO `shop_area` VALUES ('520521', '大方县', '520500');
INSERT INTO `shop_area` VALUES ('520522', '黔西县', '520500');
INSERT INTO `shop_area` VALUES ('520523', '金沙县', '520500');
INSERT INTO `shop_area` VALUES ('520524', '织金县', '520500');
INSERT INTO `shop_area` VALUES ('520525', '纳雍县', '520500');
INSERT INTO `shop_area` VALUES ('520526', '威宁彝族回族苗族自治县', '520500');
INSERT INTO `shop_area` VALUES ('520527', '赫章县', '520500');
INSERT INTO `shop_area` VALUES ('520600', '铜仁市', '520000');
INSERT INTO `shop_area` VALUES ('520602', '碧江区', '520600');
INSERT INTO `shop_area` VALUES ('520603', '万山区', '520600');
INSERT INTO `shop_area` VALUES ('520621', '江口县', '520600');
INSERT INTO `shop_area` VALUES ('520622', '玉屏侗族自治县', '520600');
INSERT INTO `shop_area` VALUES ('520623', '石阡县', '520600');
INSERT INTO `shop_area` VALUES ('520624', '思南县', '520600');
INSERT INTO `shop_area` VALUES ('520625', '印江土家族苗族自治县', '520600');
INSERT INTO `shop_area` VALUES ('520626', '德江县', '520600');
INSERT INTO `shop_area` VALUES ('520627', '沿河土家族自治县', '520600');
INSERT INTO `shop_area` VALUES ('520628', '松桃苗族自治县', '520600');
INSERT INTO `shop_area` VALUES ('522300', '黔西南布依族苗族自治州', '520000');
INSERT INTO `shop_area` VALUES ('522301', '兴义市 ', '522300');
INSERT INTO `shop_area` VALUES ('522322', '兴仁县', '522300');
INSERT INTO `shop_area` VALUES ('522323', '普安县', '522300');
INSERT INTO `shop_area` VALUES ('522324', '晴隆县', '522300');
INSERT INTO `shop_area` VALUES ('522325', '贞丰县', '522300');
INSERT INTO `shop_area` VALUES ('522326', '望谟县', '522300');
INSERT INTO `shop_area` VALUES ('522327', '册亨县', '522300');
INSERT INTO `shop_area` VALUES ('522328', '安龙县', '522300');
INSERT INTO `shop_area` VALUES ('522600', '黔东南苗族侗族自治州', '520000');
INSERT INTO `shop_area` VALUES ('522601', '凯里市', '522600');
INSERT INTO `shop_area` VALUES ('522622', '黄平县', '522600');
INSERT INTO `shop_area` VALUES ('522623', '施秉县', '522600');
INSERT INTO `shop_area` VALUES ('522624', '三穗县', '522600');
INSERT INTO `shop_area` VALUES ('522625', '镇远县', '522600');
INSERT INTO `shop_area` VALUES ('522626', '岑巩县', '522600');
INSERT INTO `shop_area` VALUES ('522627', '天柱县', '522600');
INSERT INTO `shop_area` VALUES ('522628', '锦屏县', '522600');
INSERT INTO `shop_area` VALUES ('522629', '剑河县', '522600');
INSERT INTO `shop_area` VALUES ('522630', '台江县', '522600');
INSERT INTO `shop_area` VALUES ('522631', '黎平县', '522600');
INSERT INTO `shop_area` VALUES ('522632', '榕江县', '522600');
INSERT INTO `shop_area` VALUES ('522633', '从江县', '522600');
INSERT INTO `shop_area` VALUES ('522634', '雷山县', '522600');
INSERT INTO `shop_area` VALUES ('522635', '麻江县', '522600');
INSERT INTO `shop_area` VALUES ('522636', '丹寨县', '522600');
INSERT INTO `shop_area` VALUES ('522700', '黔南布依族苗族自治州', '520000');
INSERT INTO `shop_area` VALUES ('522701', '都匀市', '522700');
INSERT INTO `shop_area` VALUES ('522702', '福泉市', '522700');
INSERT INTO `shop_area` VALUES ('522722', '荔波县', '522700');
INSERT INTO `shop_area` VALUES ('522723', '贵定县', '522700');
INSERT INTO `shop_area` VALUES ('522725', '瓮安县', '522700');
INSERT INTO `shop_area` VALUES ('522726', '独山县', '522700');
INSERT INTO `shop_area` VALUES ('522727', '平塘县', '522700');
INSERT INTO `shop_area` VALUES ('522728', '罗甸县', '522700');
INSERT INTO `shop_area` VALUES ('522729', '长顺县', '522700');
INSERT INTO `shop_area` VALUES ('522730', '龙里县', '522700');
INSERT INTO `shop_area` VALUES ('522731', '惠水县', '522700');
INSERT INTO `shop_area` VALUES ('522732', '三都水族自治县', '522700');
INSERT INTO `shop_area` VALUES ('530000', '云南省', '0');
INSERT INTO `shop_area` VALUES ('530100', '昆明市', '530000');
INSERT INTO `shop_area` VALUES ('530102', '五华区', '530100');
INSERT INTO `shop_area` VALUES ('530103', '盘龙区', '530100');
INSERT INTO `shop_area` VALUES ('530111', '官渡区', '530100');
INSERT INTO `shop_area` VALUES ('530112', '西山区', '530100');
INSERT INTO `shop_area` VALUES ('530113', '东川区', '530100');
INSERT INTO `shop_area` VALUES ('530114', '呈贡区', '530100');
INSERT INTO `shop_area` VALUES ('530122', '晋宁县', '530100');
INSERT INTO `shop_area` VALUES ('530124', '富民县', '530100');
INSERT INTO `shop_area` VALUES ('530125', '宜良县', '530100');
INSERT INTO `shop_area` VALUES ('530126', '石林彝族自治县', '530100');
INSERT INTO `shop_area` VALUES ('530127', '嵩明县', '530100');
INSERT INTO `shop_area` VALUES ('530128', '禄劝彝族苗族自治县', '530100');
INSERT INTO `shop_area` VALUES ('530129', '寻甸回族彝族自治县 ', '530100');
INSERT INTO `shop_area` VALUES ('530181', '安宁市', '530100');
INSERT INTO `shop_area` VALUES ('530300', '曲靖市', '530000');
INSERT INTO `shop_area` VALUES ('530302', '麒麟区', '530300');
INSERT INTO `shop_area` VALUES ('530321', '马龙县', '530300');
INSERT INTO `shop_area` VALUES ('530322', '陆良县', '530300');
INSERT INTO `shop_area` VALUES ('530323', '师宗县', '530300');
INSERT INTO `shop_area` VALUES ('530324', '罗平县', '530300');
INSERT INTO `shop_area` VALUES ('530325', '富源县', '530300');
INSERT INTO `shop_area` VALUES ('530326', '会泽县', '530300');
INSERT INTO `shop_area` VALUES ('530328', '沾益县', '530300');
INSERT INTO `shop_area` VALUES ('530381', '宣威市', '530300');
INSERT INTO `shop_area` VALUES ('530400', '玉溪市', '530000');
INSERT INTO `shop_area` VALUES ('530402', '红塔区', '530400');
INSERT INTO `shop_area` VALUES ('530421', '江川县', '530400');
INSERT INTO `shop_area` VALUES ('530422', '澄江县', '530400');
INSERT INTO `shop_area` VALUES ('530423', '通海县', '530400');
INSERT INTO `shop_area` VALUES ('530424', '华宁县', '530400');
INSERT INTO `shop_area` VALUES ('530425', '易门县', '530400');
INSERT INTO `shop_area` VALUES ('530426', '峨山彝族自治县', '530400');
INSERT INTO `shop_area` VALUES ('530427', '新平彝族傣族自治县', '530400');
INSERT INTO `shop_area` VALUES ('530428', '元江哈尼族彝族傣族自治县', '530400');
INSERT INTO `shop_area` VALUES ('530500', '保山市', '530000');
INSERT INTO `shop_area` VALUES ('530502', '隆阳区', '530500');
INSERT INTO `shop_area` VALUES ('530521', '施甸县', '530500');
INSERT INTO `shop_area` VALUES ('530522', '腾冲县', '530500');
INSERT INTO `shop_area` VALUES ('530523', '龙陵县', '530500');
INSERT INTO `shop_area` VALUES ('530524', '昌宁县', '530500');
INSERT INTO `shop_area` VALUES ('530600', '昭通市', '530000');
INSERT INTO `shop_area` VALUES ('530602', '昭阳区', '530600');
INSERT INTO `shop_area` VALUES ('530621', '鲁甸县', '530600');
INSERT INTO `shop_area` VALUES ('530622', '巧家县', '530600');
INSERT INTO `shop_area` VALUES ('530623', '盐津县', '530600');
INSERT INTO `shop_area` VALUES ('530624', '大关县', '530600');
INSERT INTO `shop_area` VALUES ('530625', '永善县', '530600');
INSERT INTO `shop_area` VALUES ('530626', '绥江县', '530600');
INSERT INTO `shop_area` VALUES ('530627', '镇雄县', '530600');
INSERT INTO `shop_area` VALUES ('530628', '彝良县', '530600');
INSERT INTO `shop_area` VALUES ('530629', '威信县', '530600');
INSERT INTO `shop_area` VALUES ('530630', '水富县', '530600');
INSERT INTO `shop_area` VALUES ('530700', '丽江市', '530000');
INSERT INTO `shop_area` VALUES ('530702', '古城区', '530700');
INSERT INTO `shop_area` VALUES ('530721', '玉龙纳西族自治县', '530700');
INSERT INTO `shop_area` VALUES ('530722', '永胜县', '530700');
INSERT INTO `shop_area` VALUES ('530723', '华坪县', '530700');
INSERT INTO `shop_area` VALUES ('530724', '宁蒗彝族自治县', '530700');
INSERT INTO `shop_area` VALUES ('530800', '普洱市', '530000');
INSERT INTO `shop_area` VALUES ('530802', '思茅区', '530800');
INSERT INTO `shop_area` VALUES ('530821', '宁洱哈尼族彝族自治县', '530800');
INSERT INTO `shop_area` VALUES ('530822', '墨江哈尼族自治县', '530800');
INSERT INTO `shop_area` VALUES ('530823', '景东彝族自治县', '530800');
INSERT INTO `shop_area` VALUES ('530824', '景谷傣族彝族自治县', '530800');
INSERT INTO `shop_area` VALUES ('530825', '镇沅彝族哈尼族拉祜族自治县', '530800');
INSERT INTO `shop_area` VALUES ('530826', '江城哈尼族彝族自治县', '530800');
INSERT INTO `shop_area` VALUES ('530827', '孟连傣族拉祜族佤族自治县', '530800');
INSERT INTO `shop_area` VALUES ('530828', '澜沧拉祜族自治县', '530800');
INSERT INTO `shop_area` VALUES ('530829', '西盟佤族自治县', '530800');
INSERT INTO `shop_area` VALUES ('530900', '临沧市', '530000');
INSERT INTO `shop_area` VALUES ('530902', '临翔区', '530900');
INSERT INTO `shop_area` VALUES ('530921', '凤庆县', '530900');
INSERT INTO `shop_area` VALUES ('530922', '云县', '530900');
INSERT INTO `shop_area` VALUES ('530923', '永德县', '530900');
INSERT INTO `shop_area` VALUES ('530924', '镇康县', '530900');
INSERT INTO `shop_area` VALUES ('530925', '双江拉祜族佤族布朗族傣族自治县', '530900');
INSERT INTO `shop_area` VALUES ('530926', '耿马傣族佤族自治县', '530900');
INSERT INTO `shop_area` VALUES ('530927', '沧源佤族自治县', '530900');
INSERT INTO `shop_area` VALUES ('532300', '楚雄彝族自治州', '530000');
INSERT INTO `shop_area` VALUES ('532301', '楚雄市', '532300');
INSERT INTO `shop_area` VALUES ('532322', '双柏县', '532300');
INSERT INTO `shop_area` VALUES ('532323', '牟定县', '532300');
INSERT INTO `shop_area` VALUES ('532324', '南华县', '532300');
INSERT INTO `shop_area` VALUES ('532325', '姚安县', '532300');
INSERT INTO `shop_area` VALUES ('532326', '大姚县', '532300');
INSERT INTO `shop_area` VALUES ('532327', '永仁县', '532300');
INSERT INTO `shop_area` VALUES ('532328', '元谋县', '532300');
INSERT INTO `shop_area` VALUES ('532329', '武定县', '532300');
INSERT INTO `shop_area` VALUES ('532331', '禄丰县', '532300');
INSERT INTO `shop_area` VALUES ('532500', '红河哈尼族彝族自治州', '530000');
INSERT INTO `shop_area` VALUES ('532501', '个旧市', '532500');
INSERT INTO `shop_area` VALUES ('532502', '开远市', '532500');
INSERT INTO `shop_area` VALUES ('532503', '蒙自市', '532500');
INSERT INTO `shop_area` VALUES ('532504', '弥勒市', '532500');
INSERT INTO `shop_area` VALUES ('532523', '屏边苗族自治县', '532500');
INSERT INTO `shop_area` VALUES ('532524', '建水县', '532500');
INSERT INTO `shop_area` VALUES ('532525', '石屏县', '532500');
INSERT INTO `shop_area` VALUES ('532527', '泸西县', '532500');
INSERT INTO `shop_area` VALUES ('532528', '元阳县', '532500');
INSERT INTO `shop_area` VALUES ('532529', '红河县', '532500');
INSERT INTO `shop_area` VALUES ('532530', '金平苗族瑶族傣族自治县', '532500');
INSERT INTO `shop_area` VALUES ('532531', '绿春县', '532500');
INSERT INTO `shop_area` VALUES ('532532', '河口瑶族自治县', '532500');
INSERT INTO `shop_area` VALUES ('532600', '文山壮族苗族自治州', '530000');
INSERT INTO `shop_area` VALUES ('532601', '文山市', '532600');
INSERT INTO `shop_area` VALUES ('532622', '砚山县', '532600');
INSERT INTO `shop_area` VALUES ('532623', '西畴县', '532600');
INSERT INTO `shop_area` VALUES ('532624', '麻栗坡县', '532600');
INSERT INTO `shop_area` VALUES ('532625', '马关县', '532600');
INSERT INTO `shop_area` VALUES ('532626', '丘北县', '532600');
INSERT INTO `shop_area` VALUES ('532627', '广南县', '532600');
INSERT INTO `shop_area` VALUES ('532628', '富宁县', '532600');
INSERT INTO `shop_area` VALUES ('532800', '西双版纳傣族自治州', '530000');
INSERT INTO `shop_area` VALUES ('532801', '景洪市', '532800');
INSERT INTO `shop_area` VALUES ('532822', '勐海县', '532800');
INSERT INTO `shop_area` VALUES ('532823', '勐腊县', '532800');
INSERT INTO `shop_area` VALUES ('532900', '大理白族自治州', '530000');
INSERT INTO `shop_area` VALUES ('532901', '大理市', '532900');
INSERT INTO `shop_area` VALUES ('532922', '漾濞彝族自治县', '532900');
INSERT INTO `shop_area` VALUES ('532923', '祥云县', '532900');
INSERT INTO `shop_area` VALUES ('532924', '宾川县', '532900');
INSERT INTO `shop_area` VALUES ('532925', '弥渡县', '532900');
INSERT INTO `shop_area` VALUES ('532926', '南涧彝族自治县', '532900');
INSERT INTO `shop_area` VALUES ('532927', '巍山彝族回族自治县', '532900');
INSERT INTO `shop_area` VALUES ('532928', '永平县', '532900');
INSERT INTO `shop_area` VALUES ('532929', '云龙县', '532900');
INSERT INTO `shop_area` VALUES ('532930', '洱源县', '532900');
INSERT INTO `shop_area` VALUES ('532931', '剑川县', '532900');
INSERT INTO `shop_area` VALUES ('532932', '鹤庆县', '532900');
INSERT INTO `shop_area` VALUES ('533100', '德宏傣族景颇族自治州', '530000');
INSERT INTO `shop_area` VALUES ('533102', '瑞丽市', '533100');
INSERT INTO `shop_area` VALUES ('533103', '芒市', '533100');
INSERT INTO `shop_area` VALUES ('533122', '梁河县', '533100');
INSERT INTO `shop_area` VALUES ('533123', '盈江县', '533100');
INSERT INTO `shop_area` VALUES ('533124', '陇川县', '533100');
INSERT INTO `shop_area` VALUES ('533300', '怒江傈僳族自治州', '530000');
INSERT INTO `shop_area` VALUES ('533321', '泸水县', '533300');
INSERT INTO `shop_area` VALUES ('533323', '福贡县', '533300');
INSERT INTO `shop_area` VALUES ('533324', '贡山独龙族怒族自治县', '533300');
INSERT INTO `shop_area` VALUES ('533325', '兰坪白族普米族自治县', '533300');
INSERT INTO `shop_area` VALUES ('533400', '迪庆藏族自治州', '530000');
INSERT INTO `shop_area` VALUES ('533421', '香格里拉市', '533400');
INSERT INTO `shop_area` VALUES ('533422', '德钦县', '533400');
INSERT INTO `shop_area` VALUES ('533423', '维西傈僳族自治县', '533400');
INSERT INTO `shop_area` VALUES ('540000', '西藏自治区', '0');
INSERT INTO `shop_area` VALUES ('540100', '拉萨市', '540000');
INSERT INTO `shop_area` VALUES ('540102', '城关区', '540100');
INSERT INTO `shop_area` VALUES ('540121', '林周县', '540100');
INSERT INTO `shop_area` VALUES ('540122', '当雄县', '540100');
INSERT INTO `shop_area` VALUES ('540123', '尼木县', '540100');
INSERT INTO `shop_area` VALUES ('540124', '曲水县', '540100');
INSERT INTO `shop_area` VALUES ('540125', '堆龙德庆县', '540100');
INSERT INTO `shop_area` VALUES ('540126', '达孜县', '540100');
INSERT INTO `shop_area` VALUES ('540127', '墨竹工卡县', '540100');
INSERT INTO `shop_area` VALUES ('540200', '日喀则市', '540000');
INSERT INTO `shop_area` VALUES ('540202', '桑珠孜区', '540200');
INSERT INTO `shop_area` VALUES ('540221', '南木林县', '540200');
INSERT INTO `shop_area` VALUES ('540222', '江孜县', '540200');
INSERT INTO `shop_area` VALUES ('540223', '定日县', '540200');
INSERT INTO `shop_area` VALUES ('540224', '萨迦县', '540200');
INSERT INTO `shop_area` VALUES ('540225', '拉孜县', '540200');
INSERT INTO `shop_area` VALUES ('540226', '昂仁县', '540200');
INSERT INTO `shop_area` VALUES ('540227', '谢通门县', '540200');
INSERT INTO `shop_area` VALUES ('540228', '白朗县', '540200');
INSERT INTO `shop_area` VALUES ('540229', '仁布县', '540200');
INSERT INTO `shop_area` VALUES ('540230', '康马县', '540200');
INSERT INTO `shop_area` VALUES ('540231', '定结县', '540200');
INSERT INTO `shop_area` VALUES ('540232', '仲巴县', '540200');
INSERT INTO `shop_area` VALUES ('540233', '亚东县', '540200');
INSERT INTO `shop_area` VALUES ('540234', '吉隆县', '540200');
INSERT INTO `shop_area` VALUES ('540235', '聂拉木县', '540200');
INSERT INTO `shop_area` VALUES ('540236', '萨嘎县', '540200');
INSERT INTO `shop_area` VALUES ('540237', '岗巴县', '540200');
INSERT INTO `shop_area` VALUES ('540300', '昌都市', '540000');
INSERT INTO `shop_area` VALUES ('540302', '卡若区', '540300');
INSERT INTO `shop_area` VALUES ('540321', '江达县', '540300');
INSERT INTO `shop_area` VALUES ('540322', '贡觉县', '540300');
INSERT INTO `shop_area` VALUES ('540323', '类乌齐县', '540300');
INSERT INTO `shop_area` VALUES ('540324', '丁青县', '540300');
INSERT INTO `shop_area` VALUES ('540325', '察雅县', '540300');
INSERT INTO `shop_area` VALUES ('540326', '八宿县', '540300');
INSERT INTO `shop_area` VALUES ('540327', '左贡县', '540300');
INSERT INTO `shop_area` VALUES ('540328', '芒康县', '540300');
INSERT INTO `shop_area` VALUES ('540329', '洛隆县', '540300');
INSERT INTO `shop_area` VALUES ('540330', '边坝县', '540300');
INSERT INTO `shop_area` VALUES ('542200', '山南地区', '540000');
INSERT INTO `shop_area` VALUES ('542221', '乃东县', '542200');
INSERT INTO `shop_area` VALUES ('542222', '扎囊县', '542200');
INSERT INTO `shop_area` VALUES ('542223', '贡嘎县', '542200');
INSERT INTO `shop_area` VALUES ('542224', '桑日县', '542200');
INSERT INTO `shop_area` VALUES ('542225', '琼结县', '542200');
INSERT INTO `shop_area` VALUES ('542226', '曲松县', '542200');
INSERT INTO `shop_area` VALUES ('542227', '措美县', '542200');
INSERT INTO `shop_area` VALUES ('542228', '洛扎县', '542200');
INSERT INTO `shop_area` VALUES ('542229', '加查县', '542200');
INSERT INTO `shop_area` VALUES ('542231', '隆子县', '542200');
INSERT INTO `shop_area` VALUES ('542232', '错那县', '542200');
INSERT INTO `shop_area` VALUES ('542233', '浪卡子县', '542200');
INSERT INTO `shop_area` VALUES ('542400', '那曲地区', '540000');
INSERT INTO `shop_area` VALUES ('542421', '那曲县', '542400');
INSERT INTO `shop_area` VALUES ('542422', '嘉黎县', '542400');
INSERT INTO `shop_area` VALUES ('542423', '比如县', '542400');
INSERT INTO `shop_area` VALUES ('542424', '聂荣县', '542400');
INSERT INTO `shop_area` VALUES ('542425', '安多县', '542400');
INSERT INTO `shop_area` VALUES ('542426', '申扎县', '542400');
INSERT INTO `shop_area` VALUES ('542427', '索县', '542400');
INSERT INTO `shop_area` VALUES ('542428', '班戈县', '542400');
INSERT INTO `shop_area` VALUES ('542429', '巴青县', '542400');
INSERT INTO `shop_area` VALUES ('542430', '尼玛县', '542400');
INSERT INTO `shop_area` VALUES ('542431', '双湖县', '542400');
INSERT INTO `shop_area` VALUES ('542500', '阿里地区', '540000');
INSERT INTO `shop_area` VALUES ('542521', '普兰县', '542500');
INSERT INTO `shop_area` VALUES ('542522', '札达县', '542500');
INSERT INTO `shop_area` VALUES ('542523', '噶尔县', '542500');
INSERT INTO `shop_area` VALUES ('542524', '日土县', '542500');
INSERT INTO `shop_area` VALUES ('542525', '革吉县', '542500');
INSERT INTO `shop_area` VALUES ('542526', '改则县', '542500');
INSERT INTO `shop_area` VALUES ('542527', '措勤县', '542500');
INSERT INTO `shop_area` VALUES ('542600', '林芝地区', '540000');
INSERT INTO `shop_area` VALUES ('542621', '林芝县', '542600');
INSERT INTO `shop_area` VALUES ('542622', '工布江达县', '542600');
INSERT INTO `shop_area` VALUES ('542623', '米林县', '542600');
INSERT INTO `shop_area` VALUES ('542624', '墨脱县', '542600');
INSERT INTO `shop_area` VALUES ('542625', '波密县', '542600');
INSERT INTO `shop_area` VALUES ('542626', '察隅县', '542600');
INSERT INTO `shop_area` VALUES ('542627', '朗县', '542600');
INSERT INTO `shop_area` VALUES ('610000', '陕西省', '0');
INSERT INTO `shop_area` VALUES ('610100', '西安市', '610000');
INSERT INTO `shop_area` VALUES ('610102', '新城区', '610100');
INSERT INTO `shop_area` VALUES ('610103', '碑林区', '610100');
INSERT INTO `shop_area` VALUES ('610104', '莲湖区', '610100');
INSERT INTO `shop_area` VALUES ('610111', '灞桥区', '610100');
INSERT INTO `shop_area` VALUES ('610112', '未央区', '610100');
INSERT INTO `shop_area` VALUES ('610113', '雁塔区', '610100');
INSERT INTO `shop_area` VALUES ('610114', '阎良区', '610100');
INSERT INTO `shop_area` VALUES ('610115', '临潼区', '610100');
INSERT INTO `shop_area` VALUES ('610116', '长安区', '610100');
INSERT INTO `shop_area` VALUES ('610122', '蓝田县', '610100');
INSERT INTO `shop_area` VALUES ('610124', '周至县', '610100');
INSERT INTO `shop_area` VALUES ('610125', '户县', '610100');
INSERT INTO `shop_area` VALUES ('610126', '高陵区', '610100');
INSERT INTO `shop_area` VALUES ('610200', '铜川市', '610000');
INSERT INTO `shop_area` VALUES ('610202', '王益区', '610200');
INSERT INTO `shop_area` VALUES ('610203', '印台区', '610200');
INSERT INTO `shop_area` VALUES ('610204', '耀州区', '610200');
INSERT INTO `shop_area` VALUES ('610222', '宜君县', '610200');
INSERT INTO `shop_area` VALUES ('610300', '宝鸡市', '610000');
INSERT INTO `shop_area` VALUES ('610302', '渭滨区', '610300');
INSERT INTO `shop_area` VALUES ('610303', '金台区', '610300');
INSERT INTO `shop_area` VALUES ('610304', '陈仓区', '610300');
INSERT INTO `shop_area` VALUES ('610322', '凤翔县', '610300');
INSERT INTO `shop_area` VALUES ('610323', '岐山县', '610300');
INSERT INTO `shop_area` VALUES ('610324', '扶风县', '610300');
INSERT INTO `shop_area` VALUES ('610326', '眉县', '610300');
INSERT INTO `shop_area` VALUES ('610327', '陇县', '610300');
INSERT INTO `shop_area` VALUES ('610328', '千阳县', '610300');
INSERT INTO `shop_area` VALUES ('610329', '麟游县', '610300');
INSERT INTO `shop_area` VALUES ('610330', '凤县', '610300');
INSERT INTO `shop_area` VALUES ('610331', '太白县', '610300');
INSERT INTO `shop_area` VALUES ('610400', '咸阳市', '610000');
INSERT INTO `shop_area` VALUES ('610402', '秦都区', '610400');
INSERT INTO `shop_area` VALUES ('610403', '杨陵区', '610400');
INSERT INTO `shop_area` VALUES ('610404', '渭城区', '610400');
INSERT INTO `shop_area` VALUES ('610422', '三原县', '610400');
INSERT INTO `shop_area` VALUES ('610423', '泾阳县', '610400');
INSERT INTO `shop_area` VALUES ('610424', '乾县', '610400');
INSERT INTO `shop_area` VALUES ('610425', '礼泉县', '610400');
INSERT INTO `shop_area` VALUES ('610426', '永寿县', '610400');
INSERT INTO `shop_area` VALUES ('610427', '彬县', '610400');
INSERT INTO `shop_area` VALUES ('610428', '长武县', '610400');
INSERT INTO `shop_area` VALUES ('610429', '旬邑县', '610400');
INSERT INTO `shop_area` VALUES ('610430', '淳化县', '610400');
INSERT INTO `shop_area` VALUES ('610431', '武功县', '610400');
INSERT INTO `shop_area` VALUES ('610481', '兴平市', '610400');
INSERT INTO `shop_area` VALUES ('610500', '渭南市', '610000');
INSERT INTO `shop_area` VALUES ('610502', '临渭区', '610500');
INSERT INTO `shop_area` VALUES ('610521', '华县', '610500');
INSERT INTO `shop_area` VALUES ('610522', '潼关县', '610500');
INSERT INTO `shop_area` VALUES ('610523', '大荔县', '610500');
INSERT INTO `shop_area` VALUES ('610524', '合阳县', '610500');
INSERT INTO `shop_area` VALUES ('610525', '澄城县', '610500');
INSERT INTO `shop_area` VALUES ('610526', '蒲城县', '610500');
INSERT INTO `shop_area` VALUES ('610527', '白水县', '610500');
INSERT INTO `shop_area` VALUES ('610528', '富平县', '610500');
INSERT INTO `shop_area` VALUES ('610581', '韩城市', '610500');
INSERT INTO `shop_area` VALUES ('610582', '华阴市', '610500');
INSERT INTO `shop_area` VALUES ('610600', '延安市', '610000');
INSERT INTO `shop_area` VALUES ('610602', '宝塔区', '610600');
INSERT INTO `shop_area` VALUES ('610621', '延长县', '610600');
INSERT INTO `shop_area` VALUES ('610622', '延川县', '610600');
INSERT INTO `shop_area` VALUES ('610623', '子长县', '610600');
INSERT INTO `shop_area` VALUES ('610624', '安塞县', '610600');
INSERT INTO `shop_area` VALUES ('610625', '志丹县', '610600');
INSERT INTO `shop_area` VALUES ('610626', '吴起县', '610600');
INSERT INTO `shop_area` VALUES ('610627', '甘泉县', '610600');
INSERT INTO `shop_area` VALUES ('610628', '富县', '610600');
INSERT INTO `shop_area` VALUES ('610629', '洛川县', '610600');
INSERT INTO `shop_area` VALUES ('610630', '宜川县', '610600');
INSERT INTO `shop_area` VALUES ('610631', '黄龙县', '610600');
INSERT INTO `shop_area` VALUES ('610632', '黄陵县', '610600');
INSERT INTO `shop_area` VALUES ('610700', '汉中市', '610000');
INSERT INTO `shop_area` VALUES ('610702', '汉台区', '610700');
INSERT INTO `shop_area` VALUES ('610721', '南郑县', '610700');
INSERT INTO `shop_area` VALUES ('610722', '城固县', '610700');
INSERT INTO `shop_area` VALUES ('610723', '洋县', '610700');
INSERT INTO `shop_area` VALUES ('610724', '西乡县', '610700');
INSERT INTO `shop_area` VALUES ('610725', '勉县', '610700');
INSERT INTO `shop_area` VALUES ('610726', '宁强县', '610700');
INSERT INTO `shop_area` VALUES ('610727', '略阳县', '610700');
INSERT INTO `shop_area` VALUES ('610728', '镇巴县', '610700');
INSERT INTO `shop_area` VALUES ('610729', '留坝县', '610700');
INSERT INTO `shop_area` VALUES ('610730', '佛坪县', '610700');
INSERT INTO `shop_area` VALUES ('610800', '榆林市', '610000');
INSERT INTO `shop_area` VALUES ('610802', '榆阳区', '610800');
INSERT INTO `shop_area` VALUES ('610821', '神木县', '610800');
INSERT INTO `shop_area` VALUES ('610822', '府谷县', '610800');
INSERT INTO `shop_area` VALUES ('610823', '横山县', '610800');
INSERT INTO `shop_area` VALUES ('610824', '靖边县', '610800');
INSERT INTO `shop_area` VALUES ('610825', '定边县', '610800');
INSERT INTO `shop_area` VALUES ('610826', '绥德县', '610800');
INSERT INTO `shop_area` VALUES ('610827', '米脂县', '610800');
INSERT INTO `shop_area` VALUES ('610828', '佳县', '610800');
INSERT INTO `shop_area` VALUES ('610829', '吴堡县', '610800');
INSERT INTO `shop_area` VALUES ('610830', '清涧县', '610800');
INSERT INTO `shop_area` VALUES ('610831', '子洲县', '610800');
INSERT INTO `shop_area` VALUES ('610900', '安康市', '610000');
INSERT INTO `shop_area` VALUES ('610902', '汉滨区', '610900');
INSERT INTO `shop_area` VALUES ('610921', '汉阴县', '610900');
INSERT INTO `shop_area` VALUES ('610922', '石泉县', '610900');
INSERT INTO `shop_area` VALUES ('610923', '宁陕县', '610900');
INSERT INTO `shop_area` VALUES ('610924', '紫阳县', '610900');
INSERT INTO `shop_area` VALUES ('610925', '岚皋县', '610900');
INSERT INTO `shop_area` VALUES ('610926', '平利县', '610900');
INSERT INTO `shop_area` VALUES ('610927', '镇坪县', '610900');
INSERT INTO `shop_area` VALUES ('610928', '旬阳县', '610900');
INSERT INTO `shop_area` VALUES ('610929', '白河县', '610900');
INSERT INTO `shop_area` VALUES ('611000', '商洛市', '610000');
INSERT INTO `shop_area` VALUES ('611002', '商州区', '611000');
INSERT INTO `shop_area` VALUES ('611021', '洛南县', '611000');
INSERT INTO `shop_area` VALUES ('611022', '丹凤县', '611000');
INSERT INTO `shop_area` VALUES ('611023', '商南县', '611000');
INSERT INTO `shop_area` VALUES ('611024', '山阳县', '611000');
INSERT INTO `shop_area` VALUES ('611025', '镇安县', '611000');
INSERT INTO `shop_area` VALUES ('611026', '柞水县', '611000');
INSERT INTO `shop_area` VALUES ('611100', '西咸新区', '610000');
INSERT INTO `shop_area` VALUES ('611101', '空港新城', '611100');
INSERT INTO `shop_area` VALUES ('611102', '沣东新城', '611100');
INSERT INTO `shop_area` VALUES ('611103', '秦汉新城', '611100');
INSERT INTO `shop_area` VALUES ('611104', '沣西新城', '611100');
INSERT INTO `shop_area` VALUES ('611105', '泾河新城', '611100');
INSERT INTO `shop_area` VALUES ('620000', '甘肃省', '0');
INSERT INTO `shop_area` VALUES ('620100', '兰州市', '620000');
INSERT INTO `shop_area` VALUES ('620102', '城关区', '620100');
INSERT INTO `shop_area` VALUES ('620103', '七里河区', '620100');
INSERT INTO `shop_area` VALUES ('620104', '西固区', '620100');
INSERT INTO `shop_area` VALUES ('620105', '安宁区', '620100');
INSERT INTO `shop_area` VALUES ('620111', '红古区', '620100');
INSERT INTO `shop_area` VALUES ('620121', '永登县', '620100');
INSERT INTO `shop_area` VALUES ('620122', '皋兰县', '620100');
INSERT INTO `shop_area` VALUES ('620123', '榆中县', '620100');
INSERT INTO `shop_area` VALUES ('620200', '嘉峪关市', '620000');
INSERT INTO `shop_area` VALUES ('620201', '雄关区', '620200');
INSERT INTO `shop_area` VALUES ('620202', '长城区', '620200');
INSERT INTO `shop_area` VALUES ('620203', '镜铁区', '620200');
INSERT INTO `shop_area` VALUES ('620300', '金昌市', '620000');
INSERT INTO `shop_area` VALUES ('620302', '金川区', '620300');
INSERT INTO `shop_area` VALUES ('620321', '永昌县', '620300');
INSERT INTO `shop_area` VALUES ('620400', '白银市', '620000');
INSERT INTO `shop_area` VALUES ('620402', '白银区', '620400');
INSERT INTO `shop_area` VALUES ('620403', '平川区', '620400');
INSERT INTO `shop_area` VALUES ('620421', '靖远县', '620400');
INSERT INTO `shop_area` VALUES ('620422', '会宁县', '620400');
INSERT INTO `shop_area` VALUES ('620423', '景泰县', '620400');
INSERT INTO `shop_area` VALUES ('620500', '天水市', '620000');
INSERT INTO `shop_area` VALUES ('620502', '秦州区', '620500');
INSERT INTO `shop_area` VALUES ('620503', '麦积区', '620500');
INSERT INTO `shop_area` VALUES ('620521', '清水县', '620500');
INSERT INTO `shop_area` VALUES ('620522', '秦安县', '620500');
INSERT INTO `shop_area` VALUES ('620523', '甘谷县', '620500');
INSERT INTO `shop_area` VALUES ('620524', '武山县', '620500');
INSERT INTO `shop_area` VALUES ('620525', '张家川回族自治县', '620500');
INSERT INTO `shop_area` VALUES ('620600', '武威市', '620000');
INSERT INTO `shop_area` VALUES ('620602', '凉州区', '620600');
INSERT INTO `shop_area` VALUES ('620621', '民勤县', '620600');
INSERT INTO `shop_area` VALUES ('620622', '古浪县', '620600');
INSERT INTO `shop_area` VALUES ('620623', '天祝藏族自治县', '620600');
INSERT INTO `shop_area` VALUES ('620700', '张掖市', '620000');
INSERT INTO `shop_area` VALUES ('620702', '甘州区', '620700');
INSERT INTO `shop_area` VALUES ('620721', '肃南裕固族自治县', '620700');
INSERT INTO `shop_area` VALUES ('620722', '民乐县', '620700');
INSERT INTO `shop_area` VALUES ('620723', '临泽县', '620700');
INSERT INTO `shop_area` VALUES ('620724', '高台县', '620700');
INSERT INTO `shop_area` VALUES ('620725', '山丹县', '620700');
INSERT INTO `shop_area` VALUES ('620800', '平凉市', '620000');
INSERT INTO `shop_area` VALUES ('620802', '崆峒区', '620800');
INSERT INTO `shop_area` VALUES ('620821', '泾川县', '620800');
INSERT INTO `shop_area` VALUES ('620822', '灵台县', '620800');
INSERT INTO `shop_area` VALUES ('620823', '崇信县', '620800');
INSERT INTO `shop_area` VALUES ('620824', '华亭县', '620800');
INSERT INTO `shop_area` VALUES ('620825', '庄浪县', '620800');
INSERT INTO `shop_area` VALUES ('620826', '静宁县', '620800');
INSERT INTO `shop_area` VALUES ('620900', '酒泉市', '620000');
INSERT INTO `shop_area` VALUES ('620902', '肃州区', '620900');
INSERT INTO `shop_area` VALUES ('620921', '金塔县', '620900');
INSERT INTO `shop_area` VALUES ('620922', '瓜州县', '620900');
INSERT INTO `shop_area` VALUES ('620923', '肃北蒙古族自治县', '620900');
INSERT INTO `shop_area` VALUES ('620924', '阿克塞哈萨克族自治县', '620900');
INSERT INTO `shop_area` VALUES ('620981', '玉门市', '620900');
INSERT INTO `shop_area` VALUES ('620982', '敦煌市', '620900');
INSERT INTO `shop_area` VALUES ('621000', '庆阳市', '620000');
INSERT INTO `shop_area` VALUES ('621002', '西峰区', '621000');
INSERT INTO `shop_area` VALUES ('621021', '庆城县', '621000');
INSERT INTO `shop_area` VALUES ('621022', '环县', '621000');
INSERT INTO `shop_area` VALUES ('621023', '华池县', '621000');
INSERT INTO `shop_area` VALUES ('621024', '合水县', '621000');
INSERT INTO `shop_area` VALUES ('621025', '正宁县', '621000');
INSERT INTO `shop_area` VALUES ('621026', '宁县', '621000');
INSERT INTO `shop_area` VALUES ('621027', '镇原县', '621000');
INSERT INTO `shop_area` VALUES ('621100', '定西市', '620000');
INSERT INTO `shop_area` VALUES ('621102', '安定区', '621100');
INSERT INTO `shop_area` VALUES ('621121', '通渭县', '621100');
INSERT INTO `shop_area` VALUES ('621122', '陇西县', '621100');
INSERT INTO `shop_area` VALUES ('621123', '渭源县', '621100');
INSERT INTO `shop_area` VALUES ('621124', '临洮县', '621100');
INSERT INTO `shop_area` VALUES ('621125', '漳县', '621100');
INSERT INTO `shop_area` VALUES ('621126', '岷县', '621100');
INSERT INTO `shop_area` VALUES ('621200', '陇南市', '620000');
INSERT INTO `shop_area` VALUES ('621202', '武都区', '621200');
INSERT INTO `shop_area` VALUES ('621221', '成县', '621200');
INSERT INTO `shop_area` VALUES ('621222', '文县', '621200');
INSERT INTO `shop_area` VALUES ('621223', '宕昌县', '621200');
INSERT INTO `shop_area` VALUES ('621224', '康县', '621200');
INSERT INTO `shop_area` VALUES ('621225', '西和县', '621200');
INSERT INTO `shop_area` VALUES ('621226', '礼县', '621200');
INSERT INTO `shop_area` VALUES ('621227', '徽县', '621200');
INSERT INTO `shop_area` VALUES ('621228', '两当县', '621200');
INSERT INTO `shop_area` VALUES ('622900', '临夏回族自治州', '620000');
INSERT INTO `shop_area` VALUES ('622901', '临夏市', '622900');
INSERT INTO `shop_area` VALUES ('622921', '临夏县', '622900');
INSERT INTO `shop_area` VALUES ('622922', '康乐县', '622900');
INSERT INTO `shop_area` VALUES ('622923', '永靖县', '622900');
INSERT INTO `shop_area` VALUES ('622924', '广河县', '622900');
INSERT INTO `shop_area` VALUES ('622925', '和政县', '622900');
INSERT INTO `shop_area` VALUES ('622926', '东乡族自治县', '622900');
INSERT INTO `shop_area` VALUES ('622927', '积石山保安族东乡族撒拉族自治县', '622900');
INSERT INTO `shop_area` VALUES ('623000', '甘南藏族自治州', '620000');
INSERT INTO `shop_area` VALUES ('623001', '合作市', '623000');
INSERT INTO `shop_area` VALUES ('623021', '临潭县', '623000');
INSERT INTO `shop_area` VALUES ('623022', '卓尼县', '623000');
INSERT INTO `shop_area` VALUES ('623023', '舟曲县', '623000');
INSERT INTO `shop_area` VALUES ('623024', '迭部县', '623000');
INSERT INTO `shop_area` VALUES ('623025', '玛曲县', '623000');
INSERT INTO `shop_area` VALUES ('623026', '碌曲县', '623000');
INSERT INTO `shop_area` VALUES ('623027', '夏河县', '623000');
INSERT INTO `shop_area` VALUES ('630000', '青海省', '0');
INSERT INTO `shop_area` VALUES ('630100', '西宁市', '630000');
INSERT INTO `shop_area` VALUES ('630102', '城东区', '630100');
INSERT INTO `shop_area` VALUES ('630103', '城中区', '630100');
INSERT INTO `shop_area` VALUES ('630104', '城西区', '630100');
INSERT INTO `shop_area` VALUES ('630105', '城北区', '630100');
INSERT INTO `shop_area` VALUES ('630121', '大通回族土族自治县', '630100');
INSERT INTO `shop_area` VALUES ('630122', '湟中县', '630100');
INSERT INTO `shop_area` VALUES ('630123', '湟源县', '630100');
INSERT INTO `shop_area` VALUES ('630200', '海东市', '630000');
INSERT INTO `shop_area` VALUES ('630202', '乐都区', '630200');
INSERT INTO `shop_area` VALUES ('630221', '平安县', '630200');
INSERT INTO `shop_area` VALUES ('630222', '民和回族土族自治县', '630200');
INSERT INTO `shop_area` VALUES ('630223', '互助土族自治县', '630200');
INSERT INTO `shop_area` VALUES ('630224', '化隆回族自治县', '630200');
INSERT INTO `shop_area` VALUES ('630225', '循化撒拉族自治县', '630200');
INSERT INTO `shop_area` VALUES ('632200', '海北藏族自治州', '630000');
INSERT INTO `shop_area` VALUES ('632221', '门源回族自治县', '632200');
INSERT INTO `shop_area` VALUES ('632222', '祁连县', '632200');
INSERT INTO `shop_area` VALUES ('632223', '海晏县', '632200');
INSERT INTO `shop_area` VALUES ('632224', '刚察县', '632200');
INSERT INTO `shop_area` VALUES ('632300', '黄南藏族自治州', '630000');
INSERT INTO `shop_area` VALUES ('632321', '同仁县', '632300');
INSERT INTO `shop_area` VALUES ('632322', '尖扎县', '632300');
INSERT INTO `shop_area` VALUES ('632323', '泽库县', '632300');
INSERT INTO `shop_area` VALUES ('632324', '河南蒙古族自治县', '632300');
INSERT INTO `shop_area` VALUES ('632500', '海南藏族自治州', '630000');
INSERT INTO `shop_area` VALUES ('632521', '共和县', '632500');
INSERT INTO `shop_area` VALUES ('632522', '同德县', '632500');
INSERT INTO `shop_area` VALUES ('632523', '贵德县', '632500');
INSERT INTO `shop_area` VALUES ('632524', '兴海县', '632500');
INSERT INTO `shop_area` VALUES ('632525', '贵南县', '632500');
INSERT INTO `shop_area` VALUES ('632600', '果洛藏族自治州', '630000');
INSERT INTO `shop_area` VALUES ('632621', '玛沁县', '632600');
INSERT INTO `shop_area` VALUES ('632622', '班玛县', '632600');
INSERT INTO `shop_area` VALUES ('632623', '甘德县', '632600');
INSERT INTO `shop_area` VALUES ('632624', '达日县', '632600');
INSERT INTO `shop_area` VALUES ('632625', '久治县', '632600');
INSERT INTO `shop_area` VALUES ('632626', '玛多县', '632600');
INSERT INTO `shop_area` VALUES ('632700', '玉树藏族自治州', '630000');
INSERT INTO `shop_area` VALUES ('632701', '玉树市', '632700');
INSERT INTO `shop_area` VALUES ('632722', '杂多县', '632700');
INSERT INTO `shop_area` VALUES ('632723', '称多县', '632700');
INSERT INTO `shop_area` VALUES ('632724', '治多县', '632700');
INSERT INTO `shop_area` VALUES ('632725', '囊谦县', '632700');
INSERT INTO `shop_area` VALUES ('632726', '曲麻莱县', '632700');
INSERT INTO `shop_area` VALUES ('632800', '海西蒙古族藏族自治州', '630000');
INSERT INTO `shop_area` VALUES ('632801', '格尔木市', '632800');
INSERT INTO `shop_area` VALUES ('632802', '德令哈市', '632800');
INSERT INTO `shop_area` VALUES ('632821', '乌兰县', '632800');
INSERT INTO `shop_area` VALUES ('632822', '都兰县', '632800');
INSERT INTO `shop_area` VALUES ('632823', '天峻县', '632800');
INSERT INTO `shop_area` VALUES ('640000', '宁夏回族自治区', '0');
INSERT INTO `shop_area` VALUES ('640100', '银川市', '640000');
INSERT INTO `shop_area` VALUES ('640104', '兴庆区', '640100');
INSERT INTO `shop_area` VALUES ('640105', '西夏区', '640100');
INSERT INTO `shop_area` VALUES ('640106', '金凤区', '640100');
INSERT INTO `shop_area` VALUES ('640121', '永宁县', '640100');
INSERT INTO `shop_area` VALUES ('640122', '贺兰县', '640100');
INSERT INTO `shop_area` VALUES ('640181', '灵武市', '640100');
INSERT INTO `shop_area` VALUES ('640200', '石嘴山市', '640000');
INSERT INTO `shop_area` VALUES ('640202', '大武口区', '640200');
INSERT INTO `shop_area` VALUES ('640205', '惠农区', '640200');
INSERT INTO `shop_area` VALUES ('640221', '平罗县', '640200');
INSERT INTO `shop_area` VALUES ('640300', '吴忠市', '640000');
INSERT INTO `shop_area` VALUES ('640302', '利通区', '640300');
INSERT INTO `shop_area` VALUES ('640303', '红寺堡区', '640300');
INSERT INTO `shop_area` VALUES ('640323', '盐池县', '640300');
INSERT INTO `shop_area` VALUES ('640324', '同心县', '640300');
INSERT INTO `shop_area` VALUES ('640381', '青铜峡市', '640300');
INSERT INTO `shop_area` VALUES ('640400', '固原市', '640000');
INSERT INTO `shop_area` VALUES ('640402', '原州区', '640400');
INSERT INTO `shop_area` VALUES ('640422', '西吉县', '640400');
INSERT INTO `shop_area` VALUES ('640423', '隆德县', '640400');
INSERT INTO `shop_area` VALUES ('640424', '泾源县', '640400');
INSERT INTO `shop_area` VALUES ('640425', '彭阳县', '640400');
INSERT INTO `shop_area` VALUES ('640500', '中卫市', '640000');
INSERT INTO `shop_area` VALUES ('640502', '沙坡头区', '640500');
INSERT INTO `shop_area` VALUES ('640521', '中宁县', '640500');
INSERT INTO `shop_area` VALUES ('640522', '海原县', '640500');
INSERT INTO `shop_area` VALUES ('650000', '新疆维吾尔自治区', '0');
INSERT INTO `shop_area` VALUES ('650100', '乌鲁木齐市', '650000');
INSERT INTO `shop_area` VALUES ('650102', '天山区', '650100');
INSERT INTO `shop_area` VALUES ('650103', '沙依巴克区', '650100');
INSERT INTO `shop_area` VALUES ('650104', '新市区', '650100');
INSERT INTO `shop_area` VALUES ('650105', '水磨沟区', '650100');
INSERT INTO `shop_area` VALUES ('650106', '头屯河区', '650100');
INSERT INTO `shop_area` VALUES ('650107', '达坂城区', '650100');
INSERT INTO `shop_area` VALUES ('650109', '米东区', '650100');
INSERT INTO `shop_area` VALUES ('650121', '乌鲁木齐县', '650100');
INSERT INTO `shop_area` VALUES ('650200', '克拉玛依市', '650000');
INSERT INTO `shop_area` VALUES ('650202', '独山子区', '650200');
INSERT INTO `shop_area` VALUES ('650203', '克拉玛依区', '650200');
INSERT INTO `shop_area` VALUES ('650204', '白碱滩区', '650200');
INSERT INTO `shop_area` VALUES ('650205', '乌尔禾区', '650200');
INSERT INTO `shop_area` VALUES ('652100', '吐鲁番地区', '650000');
INSERT INTO `shop_area` VALUES ('652101', '吐鲁番市', '652100');
INSERT INTO `shop_area` VALUES ('652122', '鄯善县', '652100');
INSERT INTO `shop_area` VALUES ('652123', '托克逊县', '652100');
INSERT INTO `shop_area` VALUES ('652200', '哈密地区', '650000');
INSERT INTO `shop_area` VALUES ('652201', '哈密市', '652200');
INSERT INTO `shop_area` VALUES ('652222', '巴里坤哈萨克自治县', '652200');
INSERT INTO `shop_area` VALUES ('652223', '伊吾县', '652200');
INSERT INTO `shop_area` VALUES ('652300', '昌吉回族自治州', '650000');
INSERT INTO `shop_area` VALUES ('652301', '昌吉市', '652300');
INSERT INTO `shop_area` VALUES ('652302', '阜康市', '652300');
INSERT INTO `shop_area` VALUES ('652323', '呼图壁县', '652300');
INSERT INTO `shop_area` VALUES ('652324', '玛纳斯县', '652300');
INSERT INTO `shop_area` VALUES ('652325', '奇台县', '652300');
INSERT INTO `shop_area` VALUES ('652327', '吉木萨尔县', '652300');
INSERT INTO `shop_area` VALUES ('652328', '木垒哈萨克自治县', '652300');
INSERT INTO `shop_area` VALUES ('652700', '博尔塔拉蒙古自治州', '650000');
INSERT INTO `shop_area` VALUES ('652701', '博乐市', '652700');
INSERT INTO `shop_area` VALUES ('652702', '阿拉山口市', '652700');
INSERT INTO `shop_area` VALUES ('652722', '精河县', '652700');
INSERT INTO `shop_area` VALUES ('652723', '温泉县', '652700');
INSERT INTO `shop_area` VALUES ('652800', '巴音郭楞蒙古自治州', '650000');
INSERT INTO `shop_area` VALUES ('652801', '库尔勒市', '652800');
INSERT INTO `shop_area` VALUES ('652822', '轮台县', '652800');
INSERT INTO `shop_area` VALUES ('652823', '尉犁县', '652800');
INSERT INTO `shop_area` VALUES ('652824', '若羌县', '652800');
INSERT INTO `shop_area` VALUES ('652825', '且末县', '652800');
INSERT INTO `shop_area` VALUES ('652826', '焉耆回族自治县', '652800');
INSERT INTO `shop_area` VALUES ('652827', '和静县', '652800');
INSERT INTO `shop_area` VALUES ('652828', '和硕县', '652800');
INSERT INTO `shop_area` VALUES ('652829', '博湖县', '652800');
INSERT INTO `shop_area` VALUES ('652900', '阿克苏地区', '650000');
INSERT INTO `shop_area` VALUES ('652901', '阿克苏市', '652900');
INSERT INTO `shop_area` VALUES ('652922', '温宿县', '652900');
INSERT INTO `shop_area` VALUES ('652923', '库车县', '652900');
INSERT INTO `shop_area` VALUES ('652924', '沙雅县', '652900');
INSERT INTO `shop_area` VALUES ('652925', '新和县', '652900');
INSERT INTO `shop_area` VALUES ('652926', '拜城县', '652900');
INSERT INTO `shop_area` VALUES ('652927', '乌什县', '652900');
INSERT INTO `shop_area` VALUES ('652928', '阿瓦提县', '652900');
INSERT INTO `shop_area` VALUES ('652929', '柯坪县', '652900');
INSERT INTO `shop_area` VALUES ('653000', '克孜勒苏柯尔克孜自治州', '650000');
INSERT INTO `shop_area` VALUES ('653001', '阿图什市', '653000');
INSERT INTO `shop_area` VALUES ('653022', '阿克陶县', '653000');
INSERT INTO `shop_area` VALUES ('653023', '阿合奇县', '653000');
INSERT INTO `shop_area` VALUES ('653024', '乌恰县', '653000');
INSERT INTO `shop_area` VALUES ('653100', '喀什地区', '650000');
INSERT INTO `shop_area` VALUES ('653101', '喀什市', '653100');
INSERT INTO `shop_area` VALUES ('653121', '疏附县', '653100');
INSERT INTO `shop_area` VALUES ('653122', '疏勒县', '653100');
INSERT INTO `shop_area` VALUES ('653123', '英吉沙县', '653100');
INSERT INTO `shop_area` VALUES ('653124', '泽普县', '653100');
INSERT INTO `shop_area` VALUES ('653125', '莎车县', '653100');
INSERT INTO `shop_area` VALUES ('653126', '叶城县', '653100');
INSERT INTO `shop_area` VALUES ('653127', '麦盖提县', '653100');
INSERT INTO `shop_area` VALUES ('653128', '岳普湖县', '653100');
INSERT INTO `shop_area` VALUES ('653129', '伽师县', '653100');
INSERT INTO `shop_area` VALUES ('653130', '巴楚县', '653100');
INSERT INTO `shop_area` VALUES ('653131', '塔什库尔干塔吉克自治县', '653100');
INSERT INTO `shop_area` VALUES ('653200', '和田地区', '650000');
INSERT INTO `shop_area` VALUES ('653201', '和田市', '653200');
INSERT INTO `shop_area` VALUES ('653221', '和田县', '653200');
INSERT INTO `shop_area` VALUES ('653222', '墨玉县', '653200');
INSERT INTO `shop_area` VALUES ('653223', '皮山县', '653200');
INSERT INTO `shop_area` VALUES ('653224', '洛浦县', '653200');
INSERT INTO `shop_area` VALUES ('653225', '策勒县', '653200');
INSERT INTO `shop_area` VALUES ('653226', '于田县', '653200');
INSERT INTO `shop_area` VALUES ('653227', '民丰县', '653200');
INSERT INTO `shop_area` VALUES ('654000', '伊犁哈萨克自治州', '650000');
INSERT INTO `shop_area` VALUES ('654002', '伊宁市', '654000');
INSERT INTO `shop_area` VALUES ('654003', '奎屯市', '654000');
INSERT INTO `shop_area` VALUES ('654004', '霍尔果斯市', '654000');
INSERT INTO `shop_area` VALUES ('654021', '伊宁县', '654000');
INSERT INTO `shop_area` VALUES ('654022', '察布查尔锡伯自治县', '654000');
INSERT INTO `shop_area` VALUES ('654023', '霍城县', '654000');
INSERT INTO `shop_area` VALUES ('654024', '巩留县', '654000');
INSERT INTO `shop_area` VALUES ('654025', '新源县', '654000');
INSERT INTO `shop_area` VALUES ('654026', '昭苏县', '654000');
INSERT INTO `shop_area` VALUES ('654027', '特克斯县', '654000');
INSERT INTO `shop_area` VALUES ('654028', '尼勒克县', '654000');
INSERT INTO `shop_area` VALUES ('654200', '塔城地区', '650000');
INSERT INTO `shop_area` VALUES ('654201', '塔城市', '654200');
INSERT INTO `shop_area` VALUES ('654202', '乌苏市', '654200');
INSERT INTO `shop_area` VALUES ('654221', '额敏县', '654200');
INSERT INTO `shop_area` VALUES ('654223', '沙湾县', '654200');
INSERT INTO `shop_area` VALUES ('654224', '托里县', '654200');
INSERT INTO `shop_area` VALUES ('654225', '裕民县', '654200');
INSERT INTO `shop_area` VALUES ('654226', '和布克赛尔蒙古自治县', '654200');
INSERT INTO `shop_area` VALUES ('654300', '阿勒泰地区', '650000');
INSERT INTO `shop_area` VALUES ('654301', '阿勒泰市', '654300');
INSERT INTO `shop_area` VALUES ('654321', '布尔津县', '654300');
INSERT INTO `shop_area` VALUES ('654322', '富蕴县', '654300');
INSERT INTO `shop_area` VALUES ('654323', '福海县', '654300');
INSERT INTO `shop_area` VALUES ('654324', '哈巴河县', '654300');
INSERT INTO `shop_area` VALUES ('654325', '青河县', '654300');
INSERT INTO `shop_area` VALUES ('654326', '吉木乃县', '654300');
INSERT INTO `shop_area` VALUES ('659000', '直辖县级', '650000');
INSERT INTO `shop_area` VALUES ('659001', '石河子市', '659000');
INSERT INTO `shop_area` VALUES ('659002', '阿拉尔市', '659000');
INSERT INTO `shop_area` VALUES ('659003', '图木舒克市', '659000');
INSERT INTO `shop_area` VALUES ('659004', '五家渠市', '659000');
INSERT INTO `shop_area` VALUES ('659005', '北屯市', '659000');
INSERT INTO `shop_area` VALUES ('659006', '铁门关市', '659000');
INSERT INTO `shop_area` VALUES ('659007', '双河市', '659000');
INSERT INTO `shop_area` VALUES ('710000', '台湾', '0');
INSERT INTO `shop_area` VALUES ('710100', '台北市', '710000');
INSERT INTO `shop_area` VALUES ('710101', '松山区', '710100');
INSERT INTO `shop_area` VALUES ('710102', '信义区', '710100');
INSERT INTO `shop_area` VALUES ('710103', '大安区', '710100');
INSERT INTO `shop_area` VALUES ('710104', '中山区', '710100');
INSERT INTO `shop_area` VALUES ('710105', '中正区', '710100');
INSERT INTO `shop_area` VALUES ('710106', '大同区', '710100');
INSERT INTO `shop_area` VALUES ('710107', '万华区', '710100');
INSERT INTO `shop_area` VALUES ('710108', '文山区', '710100');
INSERT INTO `shop_area` VALUES ('710109', '南港区', '710100');
INSERT INTO `shop_area` VALUES ('710110', '内湖区', '710100');
INSERT INTO `shop_area` VALUES ('710111', '士林区', '710100');
INSERT INTO `shop_area` VALUES ('710112', '北投区', '710100');
INSERT INTO `shop_area` VALUES ('710200', '高雄市', '710000');
INSERT INTO `shop_area` VALUES ('710201', '盐埕区', '710200');
INSERT INTO `shop_area` VALUES ('710202', '鼓山区', '710200');
INSERT INTO `shop_area` VALUES ('710203', '左营区', '710200');
INSERT INTO `shop_area` VALUES ('710204', '楠梓区', '710200');
INSERT INTO `shop_area` VALUES ('710205', '三民区', '710200');
INSERT INTO `shop_area` VALUES ('710206', '新兴区', '710200');
INSERT INTO `shop_area` VALUES ('710207', '前金区', '710200');
INSERT INTO `shop_area` VALUES ('710208', '苓雅区', '710200');
INSERT INTO `shop_area` VALUES ('710209', '前镇区', '710200');
INSERT INTO `shop_area` VALUES ('710210', '旗津区', '710200');
INSERT INTO `shop_area` VALUES ('710211', '小港区', '710200');
INSERT INTO `shop_area` VALUES ('710212', '凤山区', '710200');
INSERT INTO `shop_area` VALUES ('710213', '林园区', '710200');
INSERT INTO `shop_area` VALUES ('710214', '大寮区', '710200');
INSERT INTO `shop_area` VALUES ('710215', '大树区', '710200');
INSERT INTO `shop_area` VALUES ('710216', '大社区', '710200');
INSERT INTO `shop_area` VALUES ('710217', '仁武区', '710200');
INSERT INTO `shop_area` VALUES ('710218', '鸟松区', '710200');
INSERT INTO `shop_area` VALUES ('710219', '冈山区', '710200');
INSERT INTO `shop_area` VALUES ('710220', '桥头区', '710200');
INSERT INTO `shop_area` VALUES ('710221', '燕巢区', '710200');
INSERT INTO `shop_area` VALUES ('710222', '田寮区', '710200');
INSERT INTO `shop_area` VALUES ('710223', '阿莲区', '710200');
INSERT INTO `shop_area` VALUES ('710224', '路竹区', '710200');
INSERT INTO `shop_area` VALUES ('710225', '湖内区', '710200');
INSERT INTO `shop_area` VALUES ('710226', '茄萣区', '710200');
INSERT INTO `shop_area` VALUES ('710227', '永安区', '710200');
INSERT INTO `shop_area` VALUES ('710228', '弥陀区', '710200');
INSERT INTO `shop_area` VALUES ('710229', '梓官区', '710200');
INSERT INTO `shop_area` VALUES ('710230', '旗山区', '710200');
INSERT INTO `shop_area` VALUES ('710231', '美浓区', '710200');
INSERT INTO `shop_area` VALUES ('710232', '六龟区', '710200');
INSERT INTO `shop_area` VALUES ('710233', '甲仙区', '710200');
INSERT INTO `shop_area` VALUES ('710234', '杉林区', '710200');
INSERT INTO `shop_area` VALUES ('710235', '内门区', '710200');
INSERT INTO `shop_area` VALUES ('710236', '茂林区', '710200');
INSERT INTO `shop_area` VALUES ('710237', '桃源区', '710200');
INSERT INTO `shop_area` VALUES ('710238', '那玛夏区', '710200');
INSERT INTO `shop_area` VALUES ('710300', '基隆市', '710000');
INSERT INTO `shop_area` VALUES ('710301', '中正区', '710300');
INSERT INTO `shop_area` VALUES ('710302', '七堵区', '710300');
INSERT INTO `shop_area` VALUES ('710303', '暖暖区', '710300');
INSERT INTO `shop_area` VALUES ('710304', '仁爱区', '710300');
INSERT INTO `shop_area` VALUES ('710305', '中山区', '710300');
INSERT INTO `shop_area` VALUES ('710306', '安乐区', '710300');
INSERT INTO `shop_area` VALUES ('710307', '信义区', '710300');
INSERT INTO `shop_area` VALUES ('710400', '台中市', '710000');
INSERT INTO `shop_area` VALUES ('710401', '中区', '710400');
INSERT INTO `shop_area` VALUES ('710402', '东区', '710400');
INSERT INTO `shop_area` VALUES ('710403', '南区', '710400');
INSERT INTO `shop_area` VALUES ('710404', '西区', '710400');
INSERT INTO `shop_area` VALUES ('710405', '北区', '710400');
INSERT INTO `shop_area` VALUES ('710406', '西屯区', '710400');
INSERT INTO `shop_area` VALUES ('710407', '南屯区', '710400');
INSERT INTO `shop_area` VALUES ('710408', '北屯区', '710400');
INSERT INTO `shop_area` VALUES ('710409', '丰原区', '710400');
INSERT INTO `shop_area` VALUES ('710410', '东势区', '710400');
INSERT INTO `shop_area` VALUES ('710411', '大甲区', '710400');
INSERT INTO `shop_area` VALUES ('710412', '清水区', '710400');
INSERT INTO `shop_area` VALUES ('710413', '沙鹿区', '710400');
INSERT INTO `shop_area` VALUES ('710414', '梧栖区', '710400');
INSERT INTO `shop_area` VALUES ('710415', '后里区', '710400');
INSERT INTO `shop_area` VALUES ('710416', '神冈区', '710400');
INSERT INTO `shop_area` VALUES ('710417', '潭子区', '710400');
INSERT INTO `shop_area` VALUES ('710418', '大雅区', '710400');
INSERT INTO `shop_area` VALUES ('710419', '新社区', '710400');
INSERT INTO `shop_area` VALUES ('710420', '石冈区', '710400');
INSERT INTO `shop_area` VALUES ('710421', '外埔区', '710400');
INSERT INTO `shop_area` VALUES ('710422', '大安区', '710400');
INSERT INTO `shop_area` VALUES ('710423', '乌日区', '710400');
INSERT INTO `shop_area` VALUES ('710424', '大肚区', '710400');
INSERT INTO `shop_area` VALUES ('710425', '龙井区', '710400');
INSERT INTO `shop_area` VALUES ('710426', '雾峰区', '710400');
INSERT INTO `shop_area` VALUES ('710427', '太平区', '710400');
INSERT INTO `shop_area` VALUES ('710428', '大里区', '710400');
INSERT INTO `shop_area` VALUES ('710429', '和平区', '710400');
INSERT INTO `shop_area` VALUES ('710500', '台南市', '710000');
INSERT INTO `shop_area` VALUES ('710501', '东区', '710500');
INSERT INTO `shop_area` VALUES ('710502', '南区', '710500');
INSERT INTO `shop_area` VALUES ('710504', '北区', '710500');
INSERT INTO `shop_area` VALUES ('710506', '安南区', '710500');
INSERT INTO `shop_area` VALUES ('710507', '安平区', '710500');
INSERT INTO `shop_area` VALUES ('710508', '中西区', '710500');
INSERT INTO `shop_area` VALUES ('710509', '新营区', '710500');
INSERT INTO `shop_area` VALUES ('710510', '盐水区', '710500');
INSERT INTO `shop_area` VALUES ('710511', '白河区', '710500');
INSERT INTO `shop_area` VALUES ('710512', '柳营区', '710500');
INSERT INTO `shop_area` VALUES ('710513', '后壁区', '710500');
INSERT INTO `shop_area` VALUES ('710514', '东山区', '710500');
INSERT INTO `shop_area` VALUES ('710515', '麻豆区', '710500');
INSERT INTO `shop_area` VALUES ('710516', '下营区', '710500');
INSERT INTO `shop_area` VALUES ('710517', '六甲区', '710500');
INSERT INTO `shop_area` VALUES ('710518', '官田区', '710500');
INSERT INTO `shop_area` VALUES ('710519', '大内区', '710500');
INSERT INTO `shop_area` VALUES ('710520', '佳里区', '710500');
INSERT INTO `shop_area` VALUES ('710521', '学甲区', '710500');
INSERT INTO `shop_area` VALUES ('710522', '西港区', '710500');
INSERT INTO `shop_area` VALUES ('710523', '七股区', '710500');
INSERT INTO `shop_area` VALUES ('710524', '将军区', '710500');
INSERT INTO `shop_area` VALUES ('710525', '北门区', '710500');
INSERT INTO `shop_area` VALUES ('710526', '新化区', '710500');
INSERT INTO `shop_area` VALUES ('710527', '善化区', '710500');
INSERT INTO `shop_area` VALUES ('710528', '新市区', '710500');
INSERT INTO `shop_area` VALUES ('710529', '安定区', '710500');
INSERT INTO `shop_area` VALUES ('710530', '山上区', '710500');
INSERT INTO `shop_area` VALUES ('710531', '玉井区', '710500');
INSERT INTO `shop_area` VALUES ('710532', '楠西区', '710500');
INSERT INTO `shop_area` VALUES ('710533', '南化区', '710500');
INSERT INTO `shop_area` VALUES ('710534', '左镇区', '710500');
INSERT INTO `shop_area` VALUES ('710535', '仁德区', '710500');
INSERT INTO `shop_area` VALUES ('710536', '归仁区', '710500');
INSERT INTO `shop_area` VALUES ('710537', '关庙区', '710500');
INSERT INTO `shop_area` VALUES ('710538', '龙崎区', '710500');
INSERT INTO `shop_area` VALUES ('710539', '永康区', '710500');
INSERT INTO `shop_area` VALUES ('710600', '新竹市', '710000');
INSERT INTO `shop_area` VALUES ('710601', '东区', '710600');
INSERT INTO `shop_area` VALUES ('710602', '北区', '710600');
INSERT INTO `shop_area` VALUES ('710603', '香山区', '710600');
INSERT INTO `shop_area` VALUES ('710700', '嘉义市', '710000');
INSERT INTO `shop_area` VALUES ('710701', '东区', '710700');
INSERT INTO `shop_area` VALUES ('710702', '西区', '710700');
INSERT INTO `shop_area` VALUES ('710800', '新北市', '710000');
INSERT INTO `shop_area` VALUES ('710801', '板桥区', '710800');
INSERT INTO `shop_area` VALUES ('710802', '三重区', '710800');
INSERT INTO `shop_area` VALUES ('710803', '中和区', '710800');
INSERT INTO `shop_area` VALUES ('710804', '永和区', '710800');
INSERT INTO `shop_area` VALUES ('710805', '新庄区', '710800');
INSERT INTO `shop_area` VALUES ('710806', '新店区', '710800');
INSERT INTO `shop_area` VALUES ('710807', '树林区', '710800');
INSERT INTO `shop_area` VALUES ('710808', '莺歌区', '710800');
INSERT INTO `shop_area` VALUES ('710809', '三峡区', '710800');
INSERT INTO `shop_area` VALUES ('710810', '淡水区', '710800');
INSERT INTO `shop_area` VALUES ('710811', '汐止区', '710800');
INSERT INTO `shop_area` VALUES ('710812', '瑞芳区', '710800');
INSERT INTO `shop_area` VALUES ('710813', '土城区', '710800');
INSERT INTO `shop_area` VALUES ('710814', '芦洲区', '710800');
INSERT INTO `shop_area` VALUES ('710815', '五股区', '710800');
INSERT INTO `shop_area` VALUES ('710816', '泰山区', '710800');
INSERT INTO `shop_area` VALUES ('710817', '林口区', '710800');
INSERT INTO `shop_area` VALUES ('710818', '深坑区', '710800');
INSERT INTO `shop_area` VALUES ('710819', '石碇区', '710800');
INSERT INTO `shop_area` VALUES ('710820', '坪林区', '710800');
INSERT INTO `shop_area` VALUES ('710821', '三芝区', '710800');
INSERT INTO `shop_area` VALUES ('710822', '石门区', '710800');
INSERT INTO `shop_area` VALUES ('710823', '八里区', '710800');
INSERT INTO `shop_area` VALUES ('710824', '平溪区', '710800');
INSERT INTO `shop_area` VALUES ('710825', '双溪区', '710800');
INSERT INTO `shop_area` VALUES ('710826', '贡寮区', '710800');
INSERT INTO `shop_area` VALUES ('710827', '金山区', '710800');
INSERT INTO `shop_area` VALUES ('710828', '万里区', '710800');
INSERT INTO `shop_area` VALUES ('710829', '乌来区', '710800');
INSERT INTO `shop_area` VALUES ('712200', '宜兰县', '710000');
INSERT INTO `shop_area` VALUES ('712201', '宜兰市', '712200');
INSERT INTO `shop_area` VALUES ('712221', '罗东镇', '712200');
INSERT INTO `shop_area` VALUES ('712222', '苏澳镇', '712200');
INSERT INTO `shop_area` VALUES ('712223', '头城镇', '712200');
INSERT INTO `shop_area` VALUES ('712224', '礁溪乡', '712200');
INSERT INTO `shop_area` VALUES ('712225', '壮围乡', '712200');
INSERT INTO `shop_area` VALUES ('712226', '员山乡', '712200');
INSERT INTO `shop_area` VALUES ('712227', '冬山乡', '712200');
INSERT INTO `shop_area` VALUES ('712228', '五结乡', '712200');
INSERT INTO `shop_area` VALUES ('712229', '三星乡', '712200');
INSERT INTO `shop_area` VALUES ('712230', '大同乡', '712200');
INSERT INTO `shop_area` VALUES ('712231', '南澳乡', '712200');
INSERT INTO `shop_area` VALUES ('712300', '桃园县', '710000');
INSERT INTO `shop_area` VALUES ('712301', '桃园市', '712300');
INSERT INTO `shop_area` VALUES ('712302', '中坜市', '712300');
INSERT INTO `shop_area` VALUES ('712303', '平镇市', '712300');
INSERT INTO `shop_area` VALUES ('712304', '八德市', '712300');
INSERT INTO `shop_area` VALUES ('712305', '杨梅市', '712300');
INSERT INTO `shop_area` VALUES ('712306', '芦竹市', '712300');
INSERT INTO `shop_area` VALUES ('712321', '大溪镇', '712300');
INSERT INTO `shop_area` VALUES ('712324', '大园乡', '712300');
INSERT INTO `shop_area` VALUES ('712325', '龟山乡', '712300');
INSERT INTO `shop_area` VALUES ('712327', '龙潭乡', '712300');
INSERT INTO `shop_area` VALUES ('712329', '新屋乡', '712300');
INSERT INTO `shop_area` VALUES ('712330', '观音乡', '712300');
INSERT INTO `shop_area` VALUES ('712331', '复兴乡', '712300');
INSERT INTO `shop_area` VALUES ('712400', '新竹县', '710000');
INSERT INTO `shop_area` VALUES ('712401', '竹北市', '712400');
INSERT INTO `shop_area` VALUES ('712421', '竹东镇', '712400');
INSERT INTO `shop_area` VALUES ('712422', '新埔镇', '712400');
INSERT INTO `shop_area` VALUES ('712423', '关西镇', '712400');
INSERT INTO `shop_area` VALUES ('712424', '湖口乡', '712400');
INSERT INTO `shop_area` VALUES ('712425', '新丰乡', '712400');
INSERT INTO `shop_area` VALUES ('712426', '芎林乡', '712400');
INSERT INTO `shop_area` VALUES ('712427', '横山乡', '712400');
INSERT INTO `shop_area` VALUES ('712428', '北埔乡', '712400');
INSERT INTO `shop_area` VALUES ('712429', '宝山乡', '712400');
INSERT INTO `shop_area` VALUES ('712430', '峨眉乡', '712400');
INSERT INTO `shop_area` VALUES ('712431', '尖石乡', '712400');
INSERT INTO `shop_area` VALUES ('712432', '五峰乡', '712400');
INSERT INTO `shop_area` VALUES ('712500', '苗栗县', '710000');
INSERT INTO `shop_area` VALUES ('712501', '苗栗市', '712500');
INSERT INTO `shop_area` VALUES ('712521', '苑里镇', '712500');
INSERT INTO `shop_area` VALUES ('712522', '通霄镇', '712500');
INSERT INTO `shop_area` VALUES ('712523', '竹南镇', '712500');
INSERT INTO `shop_area` VALUES ('712524', '头份镇', '712500');
INSERT INTO `shop_area` VALUES ('712525', '后龙镇', '712500');
INSERT INTO `shop_area` VALUES ('712526', '卓兰镇', '712500');
INSERT INTO `shop_area` VALUES ('712527', '大湖乡', '712500');
INSERT INTO `shop_area` VALUES ('712528', '公馆乡', '712500');
INSERT INTO `shop_area` VALUES ('712529', '铜锣乡', '712500');
INSERT INTO `shop_area` VALUES ('712530', '南庄乡', '712500');
INSERT INTO `shop_area` VALUES ('712531', '头屋乡', '712500');
INSERT INTO `shop_area` VALUES ('712532', '三义乡', '712500');
INSERT INTO `shop_area` VALUES ('712533', '西湖乡', '712500');
INSERT INTO `shop_area` VALUES ('712534', '造桥乡', '712500');
INSERT INTO `shop_area` VALUES ('712535', '三湾乡', '712500');
INSERT INTO `shop_area` VALUES ('712536', '狮潭乡', '712500');
INSERT INTO `shop_area` VALUES ('712537', '泰安乡', '712500');
INSERT INTO `shop_area` VALUES ('712700', '彰化县', '710000');
INSERT INTO `shop_area` VALUES ('712701', '彰化市', '712700');
INSERT INTO `shop_area` VALUES ('712721', '鹿港镇', '712700');
INSERT INTO `shop_area` VALUES ('712722', '和美镇', '712700');
INSERT INTO `shop_area` VALUES ('712723', '线西乡', '712700');
INSERT INTO `shop_area` VALUES ('712724', '伸港乡', '712700');
INSERT INTO `shop_area` VALUES ('712725', '福兴乡', '712700');
INSERT INTO `shop_area` VALUES ('712726', '秀水乡', '712700');
INSERT INTO `shop_area` VALUES ('712727', '花坛乡', '712700');
INSERT INTO `shop_area` VALUES ('712728', '芬园乡', '712700');
INSERT INTO `shop_area` VALUES ('712729', '员林镇', '712700');
INSERT INTO `shop_area` VALUES ('712730', '溪湖镇', '712700');
INSERT INTO `shop_area` VALUES ('712731', '田中镇', '712700');
INSERT INTO `shop_area` VALUES ('712732', '大村乡', '712700');
INSERT INTO `shop_area` VALUES ('712733', '埔盐乡', '712700');
INSERT INTO `shop_area` VALUES ('712734', '埔心乡', '712700');
INSERT INTO `shop_area` VALUES ('712735', '永靖乡', '712700');
INSERT INTO `shop_area` VALUES ('712736', '社头乡', '712700');
INSERT INTO `shop_area` VALUES ('712737', '二水乡', '712700');
INSERT INTO `shop_area` VALUES ('712738', '北斗镇', '712700');
INSERT INTO `shop_area` VALUES ('712739', '二林镇', '712700');
INSERT INTO `shop_area` VALUES ('712740', '田尾乡', '712700');
INSERT INTO `shop_area` VALUES ('712741', '埤头乡', '712700');
INSERT INTO `shop_area` VALUES ('712742', '芳苑乡', '712700');
INSERT INTO `shop_area` VALUES ('712743', '大城乡', '712700');
INSERT INTO `shop_area` VALUES ('712744', '竹塘乡', '712700');
INSERT INTO `shop_area` VALUES ('712745', '溪州乡', '712700');
INSERT INTO `shop_area` VALUES ('712800', '南投县', '710000');
INSERT INTO `shop_area` VALUES ('712801', '南投市', '712800');
INSERT INTO `shop_area` VALUES ('712821', '埔里镇', '712800');
INSERT INTO `shop_area` VALUES ('712822', '草屯镇', '712800');
INSERT INTO `shop_area` VALUES ('712823', '竹山镇', '712800');
INSERT INTO `shop_area` VALUES ('712824', '集集镇', '712800');
INSERT INTO `shop_area` VALUES ('712825', '名间乡', '712800');
INSERT INTO `shop_area` VALUES ('712826', '鹿谷乡', '712800');
INSERT INTO `shop_area` VALUES ('712827', '中寮乡', '712800');
INSERT INTO `shop_area` VALUES ('712828', '鱼池乡', '712800');
INSERT INTO `shop_area` VALUES ('712829', '国姓乡', '712800');
INSERT INTO `shop_area` VALUES ('712830', '水里乡', '712800');
INSERT INTO `shop_area` VALUES ('712831', '信义乡', '712800');
INSERT INTO `shop_area` VALUES ('712832', '仁爱乡', '712800');
INSERT INTO `shop_area` VALUES ('712900', '云林县', '710000');
INSERT INTO `shop_area` VALUES ('712901', '斗六市', '712900');
INSERT INTO `shop_area` VALUES ('712921', '斗南镇', '712900');
INSERT INTO `shop_area` VALUES ('712922', '虎尾镇', '712900');
INSERT INTO `shop_area` VALUES ('712923', '西螺镇', '712900');
INSERT INTO `shop_area` VALUES ('712924', '土库镇', '712900');
INSERT INTO `shop_area` VALUES ('712925', '北港镇', '712900');
INSERT INTO `shop_area` VALUES ('712926', '古坑乡', '712900');
INSERT INTO `shop_area` VALUES ('712927', '大埤乡', '712900');
INSERT INTO `shop_area` VALUES ('712928', '莿桐乡', '712900');
INSERT INTO `shop_area` VALUES ('712929', '林内乡', '712900');
INSERT INTO `shop_area` VALUES ('712930', '二仑乡', '712900');
INSERT INTO `shop_area` VALUES ('712931', '仑背乡', '712900');
INSERT INTO `shop_area` VALUES ('712932', '麦寮乡', '712900');
INSERT INTO `shop_area` VALUES ('712933', '东势乡', '712900');
INSERT INTO `shop_area` VALUES ('712934', '褒忠乡', '712900');
INSERT INTO `shop_area` VALUES ('712935', '台西乡', '712900');
INSERT INTO `shop_area` VALUES ('712936', '元长乡', '712900');
INSERT INTO `shop_area` VALUES ('712937', '四湖乡', '712900');
INSERT INTO `shop_area` VALUES ('712938', '口湖乡', '712900');
INSERT INTO `shop_area` VALUES ('712939', '水林乡', '712900');
INSERT INTO `shop_area` VALUES ('713000', '嘉义县', '710000');
INSERT INTO `shop_area` VALUES ('713001', '太保市', '713000');
INSERT INTO `shop_area` VALUES ('713002', '朴子市', '713000');
INSERT INTO `shop_area` VALUES ('713023', '布袋镇', '713000');
INSERT INTO `shop_area` VALUES ('713024', '大林镇', '713000');
INSERT INTO `shop_area` VALUES ('713025', '民雄乡', '713000');
INSERT INTO `shop_area` VALUES ('713026', '溪口乡', '713000');
INSERT INTO `shop_area` VALUES ('713027', '新港乡', '713000');
INSERT INTO `shop_area` VALUES ('713028', '六脚乡', '713000');
INSERT INTO `shop_area` VALUES ('713029', '东石乡', '713000');
INSERT INTO `shop_area` VALUES ('713030', '义竹乡', '713000');
INSERT INTO `shop_area` VALUES ('713031', '鹿草乡', '713000');
INSERT INTO `shop_area` VALUES ('713032', '水上乡', '713000');
INSERT INTO `shop_area` VALUES ('713033', '中埔乡', '713000');
INSERT INTO `shop_area` VALUES ('713034', '竹崎乡', '713000');
INSERT INTO `shop_area` VALUES ('713035', '梅山乡', '713000');
INSERT INTO `shop_area` VALUES ('713036', '番路乡', '713000');
INSERT INTO `shop_area` VALUES ('713037', '大埔乡', '713000');
INSERT INTO `shop_area` VALUES ('713038', '阿里山乡', '713000');
INSERT INTO `shop_area` VALUES ('713300', '屏东县', '710000');
INSERT INTO `shop_area` VALUES ('713301', '屏东市', '713300');
INSERT INTO `shop_area` VALUES ('713321', '潮州镇', '713300');
INSERT INTO `shop_area` VALUES ('713322', '东港镇', '713300');
INSERT INTO `shop_area` VALUES ('713323', '恒春镇', '713300');
INSERT INTO `shop_area` VALUES ('713324', '万丹乡', '713300');
INSERT INTO `shop_area` VALUES ('713325', '长治乡', '713300');
INSERT INTO `shop_area` VALUES ('713326', '麟洛乡', '713300');
INSERT INTO `shop_area` VALUES ('713327', '九如乡', '713300');
INSERT INTO `shop_area` VALUES ('713328', '里港乡', '713300');
INSERT INTO `shop_area` VALUES ('713329', '盐埔乡', '713300');
INSERT INTO `shop_area` VALUES ('713330', '高树乡', '713300');
INSERT INTO `shop_area` VALUES ('713331', '万峦乡', '713300');
INSERT INTO `shop_area` VALUES ('713332', '内埔乡', '713300');
INSERT INTO `shop_area` VALUES ('713333', '竹田乡', '713300');
INSERT INTO `shop_area` VALUES ('713334', '新埤乡', '713300');
INSERT INTO `shop_area` VALUES ('713335', '枋寮乡', '713300');
INSERT INTO `shop_area` VALUES ('713336', '新园乡', '713300');
INSERT INTO `shop_area` VALUES ('713337', '崁顶乡', '713300');
INSERT INTO `shop_area` VALUES ('713338', '林边乡', '713300');
INSERT INTO `shop_area` VALUES ('713339', '南州乡', '713300');
INSERT INTO `shop_area` VALUES ('713340', '佳冬乡', '713300');
INSERT INTO `shop_area` VALUES ('713341', '琉球乡', '713300');
INSERT INTO `shop_area` VALUES ('713342', '车城乡', '713300');
INSERT INTO `shop_area` VALUES ('713343', '满州乡', '713300');
INSERT INTO `shop_area` VALUES ('713344', '枋山乡', '713300');
INSERT INTO `shop_area` VALUES ('713345', '三地门乡', '713300');
INSERT INTO `shop_area` VALUES ('713346', '雾台乡', '713300');
INSERT INTO `shop_area` VALUES ('713347', '玛家乡', '713300');
INSERT INTO `shop_area` VALUES ('713348', '泰武乡', '713300');
INSERT INTO `shop_area` VALUES ('713349', '来义乡', '713300');
INSERT INTO `shop_area` VALUES ('713350', '春日乡', '713300');
INSERT INTO `shop_area` VALUES ('713351', '狮子乡', '713300');
INSERT INTO `shop_area` VALUES ('713352', '牡丹乡', '713300');
INSERT INTO `shop_area` VALUES ('713400', '台东县', '710000');
INSERT INTO `shop_area` VALUES ('713401', '台东市', '713400');
INSERT INTO `shop_area` VALUES ('713421', '成功镇', '713400');
INSERT INTO `shop_area` VALUES ('713422', '关山镇', '713400');
INSERT INTO `shop_area` VALUES ('713423', '卑南乡', '713400');
INSERT INTO `shop_area` VALUES ('713424', '鹿野乡', '713400');
INSERT INTO `shop_area` VALUES ('713425', '池上乡', '713400');
INSERT INTO `shop_area` VALUES ('713426', '东河乡', '713400');
INSERT INTO `shop_area` VALUES ('713427', '长滨乡', '713400');
INSERT INTO `shop_area` VALUES ('713428', '太麻里乡', '713400');
INSERT INTO `shop_area` VALUES ('713429', '大武乡', '713400');
INSERT INTO `shop_area` VALUES ('713430', '绿岛乡', '713400');
INSERT INTO `shop_area` VALUES ('713431', '海端乡', '713400');
INSERT INTO `shop_area` VALUES ('713432', '延平乡', '713400');
INSERT INTO `shop_area` VALUES ('713433', '金峰乡', '713400');
INSERT INTO `shop_area` VALUES ('713434', '达仁乡', '713400');
INSERT INTO `shop_area` VALUES ('713435', '兰屿乡', '713400');
INSERT INTO `shop_area` VALUES ('713500', '花莲县', '710000');
INSERT INTO `shop_area` VALUES ('713501', '花莲市', '713500');
INSERT INTO `shop_area` VALUES ('713521', '凤林镇', '713500');
INSERT INTO `shop_area` VALUES ('713522', '玉里镇', '713500');
INSERT INTO `shop_area` VALUES ('713523', '新城乡', '713500');
INSERT INTO `shop_area` VALUES ('713524', '吉安乡', '713500');
INSERT INTO `shop_area` VALUES ('713525', '寿丰乡', '713500');
INSERT INTO `shop_area` VALUES ('713526', '光复乡', '713500');
INSERT INTO `shop_area` VALUES ('713527', '丰滨乡', '713500');
INSERT INTO `shop_area` VALUES ('713528', '瑞穗乡', '713500');
INSERT INTO `shop_area` VALUES ('713529', '富里乡', '713500');
INSERT INTO `shop_area` VALUES ('713530', '秀林乡', '713500');
INSERT INTO `shop_area` VALUES ('713531', '万荣乡', '713500');
INSERT INTO `shop_area` VALUES ('713532', '卓溪乡', '713500');
INSERT INTO `shop_area` VALUES ('713600', '澎湖县', '710000');
INSERT INTO `shop_area` VALUES ('713601', '马公市', '713600');
INSERT INTO `shop_area` VALUES ('713621', '湖西乡', '713600');
INSERT INTO `shop_area` VALUES ('713622', '白沙乡', '713600');
INSERT INTO `shop_area` VALUES ('713623', '西屿乡', '713600');
INSERT INTO `shop_area` VALUES ('713624', '望安乡', '713600');
INSERT INTO `shop_area` VALUES ('713625', '七美乡', '713600');
INSERT INTO `shop_area` VALUES ('713700', '金门县', '710000');
INSERT INTO `shop_area` VALUES ('713701', '金城镇', '713700');
INSERT INTO `shop_area` VALUES ('713702', '金湖镇', '713700');
INSERT INTO `shop_area` VALUES ('713703', '金沙镇', '713700');
INSERT INTO `shop_area` VALUES ('713704', '金宁乡', '713700');
INSERT INTO `shop_area` VALUES ('713705', '烈屿乡', '713700');
INSERT INTO `shop_area` VALUES ('713706', '乌丘乡', '713700');
INSERT INTO `shop_area` VALUES ('713800', '连江县', '710000');
INSERT INTO `shop_area` VALUES ('713801', '南竿乡', '713800');
INSERT INTO `shop_area` VALUES ('713802', '北竿乡', '713800');
INSERT INTO `shop_area` VALUES ('713803', '莒光乡', '713800');
INSERT INTO `shop_area` VALUES ('713804', '东引乡', '713800');
INSERT INTO `shop_area` VALUES ('810000', '香港特别行政区', '0');
INSERT INTO `shop_area` VALUES ('810100', '香港岛', '810000');
INSERT INTO `shop_area` VALUES ('810101', '中西区', '810100');
INSERT INTO `shop_area` VALUES ('810102', '湾仔区', '810100');
INSERT INTO `shop_area` VALUES ('810103', '东区', '810100');
INSERT INTO `shop_area` VALUES ('810104', '南区', '810100');
INSERT INTO `shop_area` VALUES ('810200', '九龙', '810000');
INSERT INTO `shop_area` VALUES ('810201', '油尖旺区', '810200');
INSERT INTO `shop_area` VALUES ('810202', '深水埗区', '810200');
INSERT INTO `shop_area` VALUES ('810203', '九龙城区', '810200');
INSERT INTO `shop_area` VALUES ('810204', '黄大仙区', '810200');
INSERT INTO `shop_area` VALUES ('810205', '观塘区', '810200');
INSERT INTO `shop_area` VALUES ('810300', '新界', '810000');
INSERT INTO `shop_area` VALUES ('810301', '荃湾区', '810300');
INSERT INTO `shop_area` VALUES ('810302', '屯门区', '810300');
INSERT INTO `shop_area` VALUES ('810303', '元朗区', '810300');
INSERT INTO `shop_area` VALUES ('810304', '北区', '810300');
INSERT INTO `shop_area` VALUES ('810305', '大埔区', '810300');
INSERT INTO `shop_area` VALUES ('810306', '西贡区', '810300');
INSERT INTO `shop_area` VALUES ('810307', '沙田区', '810300');
INSERT INTO `shop_area` VALUES ('810308', '葵青区', '810300');
INSERT INTO `shop_area` VALUES ('810309', '离岛区', '810300');
INSERT INTO `shop_area` VALUES ('820000', '澳门特别行政区', '0');
INSERT INTO `shop_area` VALUES ('820100', '澳门半岛', '820000');
INSERT INTO `shop_area` VALUES ('820101', '花地玛堂区', '820100');
INSERT INTO `shop_area` VALUES ('820102', '圣安多尼堂区', '820100');
INSERT INTO `shop_area` VALUES ('820103', '大堂区', '820100');
INSERT INTO `shop_area` VALUES ('820104', '望德堂区', '820100');
INSERT INTO `shop_area` VALUES ('820105', '风顺堂区', '820100');
INSERT INTO `shop_area` VALUES ('820200', '氹仔岛', '820000');
INSERT INTO `shop_area` VALUES ('820201', '嘉模堂区', '820200');
INSERT INTO `shop_area` VALUES ('820300', '路环岛', '820000');
INSERT INTO `shop_area` VALUES ('820301', '圣方济各堂区', '820300');
INSERT INTO `shop_area` VALUES ('900000', '钓鱼岛', '0');

-- ----------------------------
-- Table structure for shop_brand
-- ----------------------------
DROP TABLE IF EXISTS `shop_brand`;
CREATE TABLE `shop_brand` (
  `brand_id` int(11) NOT NULL AUTO_INCREMENT,
  `brand_name` varchar(45) DEFAULT NULL,
  `brand_url` varchar(45) DEFAULT NULL,
  `brand_logo` varchar(100) DEFAULT NULL,
  `brand_describe` varchar(100) DEFAULT NULL,
  `brand_sort` int(11) DEFAULT NULL,
  `is_show` tinyint(4) DEFAULT NULL,
  `create_time` int(11) DEFAULT NULL,
  PRIMARY KEY (`brand_id`)
) ENGINE=InnoDB AUTO_INCREMENT=16 DEFAULT CHARSET=utf8;

-- ----------------------------
-- Records of shop_brand
-- ----------------------------
INSERT INTO `shop_brand` VALUES ('1', 'naike', 'www.pinpai1.com', '20181129\\60bda638659601a18bd93e724f185c3e.jpg', 'naike', null, '1', '1543488273');
INSERT INTO `shop_brand` VALUES ('2', 'lee', 'www.pinpai2.com', '20181129\\039979c878d86311ecff6167e4e6faf1.jpg', 'lee', null, '1', '1543488322');
INSERT INTO `shop_brand` VALUES ('3', 'huwei ', 'www.pinpai3.com', '20181129\\db72204021fb52251f9b88d256772449.jpg', 'huwei ', null, '1', '1543488363');
INSERT INTO `shop_brand` VALUES ('4', '小米', 'www.pinpai4.com', '20181129\\bb3c518b3dd18bb16bbae9c3f7cb2790.jpg', '小米', null, '1', '1543488391');
INSERT INTO `shop_brand` VALUES ('5', '乔丹', 'www.pinpai5.com', '20181129\\a0c4540d6eddf765c299c4a89e7a69d5.jpg', '乔丹', null, '1', '1543488413');
INSERT INTO `shop_brand` VALUES ('6', '兰花', 'www.pinpai5.com', '20181129\\0c2b15b49adfcac127d83d2a329030d5.jpg', '兰花', null, '1', '1543488428');
INSERT INTO `shop_brand` VALUES ('7', 'qiq ', 'www.pinpai5.com', '20181129\\1b92ab95a46fec7bf56b615bb8551c1e.jpg', 'qiq ', null, '1', '1543488437');
INSERT INTO `shop_brand` VALUES ('8', 'hd', 'www.pinpai5.com', '20181129\\973ad824161f0a17c3c9cce296cbed08.jpg', 'hd', null, '1', '1543488447');
INSERT INTO `shop_brand` VALUES ('9', 'aj', 'www.pinpai5.com', '20181129\\57a93f8b3ec32f58339e40b66ca8808a.jpg', 'aj', null, '1', '1543488458');
INSERT INTO `shop_brand` VALUES ('10', 'ck', 'www.pinpai5.com', '20181129\\ff2a125feae6a96c22aa480bd517e473.gif', 'ck', null, '1', '1543488468');
INSERT INTO `shop_brand` VALUES ('11', 'ads', 'www.pinpai5.com', '20181129\\7b3dd96fc42f89883f93b6a71de6d2c3.jpg', 'ads', null, '1', '1543488477');
INSERT INTO `shop_brand` VALUES ('12', 'lo', 'www.pinpai5.com', '20181129\\cd5f717a9656d53d63afb9cfcbdba516.jpg', 'lo', null, '1', '1543488487');
INSERT INTO `shop_brand` VALUES ('13', 'chel', 'www.pinpai5.com', '20181129\\128a51df054660d12111af935b842815.jpg', 'chel', null, '1', '1543488497');
INSERT INTO `shop_brand` VALUES ('14', 'lya', 'www.pinpai5.com', '20181129\\f1e375483913ce9a45d51dbae9702297.jpg', 'lya', null, '1', '1543488505');
INSERT INTO `shop_brand` VALUES ('15', 'love', 'www.pinpai5.com', '20181129\\aa1086dc5f489d3903d15e362502a69f.jpg', 'love', null, '1', '1543488512');

-- ----------------------------
-- Table structure for shop_cart
-- ----------------------------
DROP TABLE IF EXISTS `shop_cart`;
CREATE TABLE `shop_cart` (
  `cart_id` int(11) NOT NULL AUTO_INCREMENT,
  `goods_id` int(11) DEFAULT NULL,
  `user_id` int(11) DEFAULT NULL,
  `buy_number` int(11) DEFAULT NULL,
  `status` tinyint(4) DEFAULT '1' COMMENT '1未删除 2已删除',
  `add_price` varchar(255) DEFAULT NULL,
  `ctime` int(11) DEFAULT NULL,
  `utime` int(11) DEFAULT NULL,
  PRIMARY KEY (`cart_id`)
) ENGINE=InnoDB AUTO_INCREMENT=10 DEFAULT CHARSET=utf8;

-- ----------------------------
-- Records of shop_cart
-- ----------------------------
INSERT INTO `shop_cart` VALUES ('1', '3', '7', '0', '2', '359', '1544855608', '1545307994');
INSERT INTO `shop_cart` VALUES ('2', '2', '7', '1', '1', '199', '1544855618', '1549092337');
INSERT INTO `shop_cart` VALUES ('3', '6', '7', '0', '2', '239', '1544855635', '1544855635');
INSERT INTO `shop_cart` VALUES ('4', '25', '7', '0', '2', '750', '1544856091', '1545308769');
INSERT INTO `shop_cart` VALUES ('5', '10', '7', '0', '2', '250', '1544856098', '1544856098');
INSERT INTO `shop_cart` VALUES ('6', '30', '7', '0', '2', '561', '1544856877', '1544856877');
INSERT INTO `shop_cart` VALUES ('7', '14', '7', '0', '2', '1112', '1544857860', '1548042940');
INSERT INTO `shop_cart` VALUES ('8', '54', '7', '0', '2', '11894', '1545214355', '1545214355');
INSERT INTO `shop_cart` VALUES ('9', '29', '7', '0', '2', '269', '1545265953', '1545265953');

-- ----------------------------
-- Table structure for shop_cate
-- ----------------------------
DROP TABLE IF EXISTS `shop_cate`;
CREATE TABLE `shop_cate` (
  `cate_id` int(11) NOT NULL AUTO_INCREMENT,
  `cate_name` varchar(255) DEFAULT NULL,
  `pid` int(11) DEFAULT NULL,
  `path` varchar(255) DEFAULT NULL,
  PRIMARY KEY (`cate_id`)
) ENGINE=InnoDB AUTO_INCREMENT=24 DEFAULT CHARSET=utf8;

-- ----------------------------
-- Records of shop_cate
-- ----------------------------
INSERT INTO `shop_cate` VALUES ('1', '母婴玩具', '0', '0');
INSERT INTO `shop_cate` VALUES ('2', '生鲜水果', '0', '0');
INSERT INTO `shop_cate` VALUES ('3', '家居建材', '0', '0');
INSERT INTO `shop_cate` VALUES ('4', '医药保健', '0', '0');
INSERT INTO `shop_cate` VALUES ('5', '图书音像', '0', '0');
INSERT INTO `shop_cate` VALUES ('6', '童装', '1', '0-1');
INSERT INTO `shop_cate` VALUES ('7', '童鞋', '1', '0-1');
INSERT INTO `shop_cate` VALUES ('8', '新鲜蔬菜', '2', '0-2');
INSERT INTO `shop_cate` VALUES ('9', '冰淇淋', '2', '0-2');
INSERT INTO `shop_cate` VALUES ('10', '蛋类', '2', '0-2');
INSERT INTO `shop_cate` VALUES ('11', '肉类', '2', '0-2');
INSERT INTO `shop_cate` VALUES ('12', '卧室家具', '3', '0-3');
INSERT INTO `shop_cate` VALUES ('13', '保健品', '4', '0-4');
INSERT INTO `shop_cate` VALUES ('14', '畅销小说', '5', '0-5');
INSERT INTO `shop_cate` VALUES ('15', '亲子装', '6', '0-1-6');
INSERT INTO `shop_cate` VALUES ('16', '学步鞋', '7', '0-1-7');
INSERT INTO `shop_cate` VALUES ('17', '土豆', '8', '0-2-8');
INSERT INTO `shop_cate` VALUES ('18', '哈根达斯', '9', '0-2-9');
INSERT INTO `shop_cate` VALUES ('19', '鸡蛋', '10', '0-2-10');
INSERT INTO `shop_cate` VALUES ('20', '牛肉', '11', '0-2-11');
INSERT INTO `shop_cate` VALUES ('21', '床', '12', '0-3-12');
INSERT INTO `shop_cate` VALUES ('22', '胶原蛋白', '13', '0-4-13');
INSERT INTO `shop_cate` VALUES ('23', '传记', '14', '0-5-14');

-- ----------------------------
-- Table structure for shop_category
-- ----------------------------
DROP TABLE IF EXISTS `shop_category`;
CREATE TABLE `shop_category` (
  `cate_id` int(11) NOT NULL AUTO_INCREMENT,
  `cate_name` varchar(20) DEFAULT NULL,
  `cate_show` tinyint(4) DEFAULT NULL,
  `cate_navshow` tinyint(4) DEFAULT NULL,
  `pid` int(11) DEFAULT NULL,
  `create_time` int(11) DEFAULT NULL,
  PRIMARY KEY (`cate_id`)
) ENGINE=InnoDB AUTO_INCREMENT=197 DEFAULT CHARSET=utf8;

-- ----------------------------
-- Records of shop_category
-- ----------------------------
INSERT INTO `shop_category` VALUES ('1', '鞋靴', '1', '1', '0', '1543480216');
INSERT INTO `shop_category` VALUES ('2', '服装服饰', '1', '1', '0', '1543480263');
INSERT INTO `shop_category` VALUES ('3', '箱包 腕表首饰', '1', '1', '0', '1543480272');
INSERT INTO `shop_category` VALUES ('4', '母婴用品', '1', '1', '0', '1543480283');
INSERT INTO `shop_category` VALUES ('5', '玩具', '1', '1', '0', '1543480290');
INSERT INTO `shop_category` VALUES ('6', '美妆护肤', '1', '1', '0', '1543480297');
INSERT INTO `shop_category` VALUES ('7', '家居厨具 食品', '1', '1', '0', '1543480311');
INSERT INTO `shop_category` VALUES ('8', '电子数码', '1', '1', '0', '1543480322');
INSERT INTO `shop_category` VALUES ('9', '户外运动', '1', '1', '0', '1543480334');
INSERT INTO `shop_category` VALUES ('10', '办公用品', '1', '1', '0', '1543480341');
INSERT INTO `shop_category` VALUES ('11', '女鞋', '1', '2', '1', '1543480370');
INSERT INTO `shop_category` VALUES ('12', '男鞋', '1', '2', '1', '1543480370');
INSERT INTO `shop_category` VALUES ('13', '童鞋', '1', '2', '1', '1543480370');
INSERT INTO `shop_category` VALUES ('14', '运动户外鞋', '1', '2', '1', '1543480370');
INSERT INTO `shop_category` VALUES ('15', '热门运动鞋', '1', '2', '1', '1543480370');
INSERT INTO `shop_category` VALUES ('16', '女装', '1', '2', '2', '1543480473');
INSERT INTO `shop_category` VALUES ('17', '男装', '1', '2', '2', '1543480473');
INSERT INTO `shop_category` VALUES ('18', '童装', '1', '2', '2', '1543480473');
INSERT INTO `shop_category` VALUES ('19', '时尚包袋', '1', '2', '3', '1543480568');
INSERT INTO `shop_category` VALUES ('20', '双肩背包', '1', '2', '3', '1543480568');
INSERT INTO `shop_category` VALUES ('21', '钱包、卡包', '1', '2', '3', '1543480568');
INSERT INTO `shop_category` VALUES ('22', '喂养用品', '1', '2', '4', '1543480794');
INSERT INTO `shop_category` VALUES ('23', '童车推车', '1', '2', '4', '1543480794');
INSERT INTO `shop_category` VALUES ('24', '安全用品', '1', '2', '4', '1543480794');
INSERT INTO `shop_category` VALUES ('25', '婴幼服饰', '1', '2', '4', '1543480794');
INSERT INTO `shop_category` VALUES ('26', '动漫玩具', '1', '2', '5', '1543480924');
INSERT INTO `shop_category` VALUES ('27', '益智科教', '1', '2', '5', '1543480941');
INSERT INTO `shop_category` VALUES ('28', '遥控电动', '1', '2', '5', '1543480954');
INSERT INTO `shop_category` VALUES ('29', '拼图', '1', '2', '5', '1543480966');
INSERT INTO `shop_category` VALUES ('30', '面部护肤', '1', '2', '6', '1543480979');
INSERT INTO `shop_category` VALUES ('31', '彩妆', '1', '2', '6', '1543480988');
INSERT INTO `shop_category` VALUES ('32', '美发护发', '1', '2', '6', '1543481002');
INSERT INTO `shop_category` VALUES ('33', '身体护理', '1', '2', '6', '1543481011');
INSERT INTO `shop_category` VALUES ('34', '厨房电器', '1', '2', '7', '1543481021');
INSERT INTO `shop_category` VALUES ('35', '水具', '1', '2', '7', '1543481030');
INSERT INTO `shop_category` VALUES ('36', '锅具壶具', '1', '2', '7', '1543481061');
INSERT INTO `shop_category` VALUES ('37', '居家电器', '1', '2', '7', '1543481073');
INSERT INTO `shop_category` VALUES ('38', '电脑', '1', '2', '8', '1543481092');
INSERT INTO `shop_category` VALUES ('39', '电脑组件', '1', '2', '8', '1543481096');
INSERT INTO `shop_category` VALUES ('40', '外设产品', '1', '2', '8', '1543481104');
INSERT INTO `shop_category` VALUES ('41', '存储', '1', '2', '8', '1543481116');
INSERT INTO `shop_category` VALUES ('42', '数码影音', '1', '2', '8', '1543481164');
INSERT INTO `shop_category` VALUES ('43', '运动服饰', '1', '2', '9', '1543481179');
INSERT INTO `shop_category` VALUES ('44', '运动鞋', '1', '2', '9', '1543481188');
INSERT INTO `shop_category` VALUES ('45', '热门运动', '1', '2', '9', '1543481210');
INSERT INTO `shop_category` VALUES ('46', '潮流运动', '1', '2', '9', '1543481221');
INSERT INTO `shop_category` VALUES ('47', '书写工具', '1', '2', '10', '1543481236');
INSERT INTO `shop_category` VALUES ('48', '办公设备', '1', '2', '10', '1543481251');
INSERT INTO `shop_category` VALUES ('49', '办公耗材', '1', '2', '10', '1543481257');
INSERT INTO `shop_category` VALUES ('50', '教具文具', '1', '2', '10', '1543481266');
INSERT INTO `shop_category` VALUES ('51', '财务用品', '1', '2', '10', '1543481276');
INSERT INTO `shop_category` VALUES ('52', '运动服装', '1', '2', '2', '1543481339');
INSERT INTO `shop_category` VALUES ('53', '内衣', '1', '2', '2', '1543481348');
INSERT INTO `shop_category` VALUES ('54', '腕表', '1', '2', '3', '1543481377');
INSERT INTO `shop_category` VALUES ('55', '首饰', '1', '2', '3', '1543481381');
INSERT INTO `shop_category` VALUES ('56', '高跟鞋', '1', '2', '11', '1543481463');
INSERT INTO `shop_category` VALUES ('57', '芭蕾鞋', '1', '2', '11', '1543481463');
INSERT INTO `shop_category` VALUES ('58', '乐福鞋', '1', '2', '11', '1543481463');
INSERT INTO `shop_category` VALUES ('59', '穆勒鞋', '1', '2', '11', '1543481463');
INSERT INTO `shop_category` VALUES ('60', '商务休闲鞋', '1', '2', '12', '1543481463');
INSERT INTO `shop_category` VALUES ('61', '休闲鞋', '1', '2', '12', '1543481463');
INSERT INTO `shop_category` VALUES ('62', '靴子', '1', '2', '12', '1543481463');
INSERT INTO `shop_category` VALUES ('63', '凉鞋', '1', '2', '12', '1543481463');
INSERT INTO `shop_category` VALUES ('64', '女童鞋', '1', '2', '13', '1543481463');
INSERT INTO `shop_category` VALUES ('65', '男童鞋', '1', '2', '13', '1543481463');
INSERT INTO `shop_category` VALUES ('66', '女婴鞋', '1', '2', '13', '1543481463');
INSERT INTO `shop_category` VALUES ('67', '男婴鞋', '1', '2', '13', '1543481463');
INSERT INTO `shop_category` VALUES ('68', '女士休闲运动鞋', '1', '2', '14', '1543481463');
INSERT INTO `shop_category` VALUES ('69', '男士休闲运动鞋', '1', '2', '14', '1543481463');
INSERT INTO `shop_category` VALUES ('70', '男士运动户外鞋', '1', '2', '14', '1543481463');
INSERT INTO `shop_category` VALUES ('71', 'Shechers', '1', '2', '15', '1543481463');
INSERT INTO `shop_category` VALUES ('72', 'Mizuno', '1', '2', '15', '1543481463');
INSERT INTO `shop_category` VALUES ('73', 'Puma', '1', '2', '15', '1543481463');
INSERT INTO `shop_category` VALUES ('74', 'Mizuno', '1', '2', '15', '1543481463');
INSERT INTO `shop_category` VALUES ('75', '裙子', '1', '2', '16', '1543481463');
INSERT INTO `shop_category` VALUES ('76', '衬衫、雪纺衫', '1', '2', '16', '1543481463');
INSERT INTO `shop_category` VALUES ('77', '牛仔裤', '1', '2', '16', '1543481463');
INSERT INTO `shop_category` VALUES ('78', '衬衫', '1', '2', '17', '1543481463');
INSERT INTO `shop_category` VALUES ('79', '卫衣', '1', '2', '17', '1543481463');
INSERT INTO `shop_category` VALUES ('80', '牛仔裤', '1', '2', '17', '1543481463');
INSERT INTO `shop_category` VALUES ('81', '男童装', '1', '2', '18', '1543481463');
INSERT INTO `shop_category` VALUES ('82', '女童装', '1', '2', '18', '1543481463');
INSERT INTO `shop_category` VALUES ('83', '男婴服装', '1', '2', '18', '1543481463');
INSERT INTO `shop_category` VALUES ('84', '女士运动服', '1', '2', '52', '1543481463');
INSERT INTO `shop_category` VALUES ('85', '男士运动服', '1', '2', '52', '1543481463');
INSERT INTO `shop_category` VALUES ('86', '女童运动服', '1', '2', '52', '1543481463');
INSERT INTO `shop_category` VALUES ('87', '女士内衣', '1', '2', '53', '1543481463');
INSERT INTO `shop_category` VALUES ('88', '男士内衣', '1', '2', '53', '1543481463');
INSERT INTO `shop_category` VALUES ('89', '儿童内衣', '1', '2', '53', '1543481463');
INSERT INTO `shop_category` VALUES ('90', '手拎包', '1', '2', '19', '1543481463');
INSERT INTO `shop_category` VALUES ('91', '手拿包', '1', '2', '19', '1543481463');
INSERT INTO `shop_category` VALUES ('92', '单肩包', '1', '2', '19', '1543481463');
INSERT INTO `shop_category` VALUES ('93', '运动户外包', '1', '2', '20', '1543481463');
INSERT INTO `shop_category` VALUES ('94', '运动商务公文包', '1', '2', '20', '1543481463');
INSERT INTO `shop_category` VALUES ('95', '休闲背包', '1', '2', '20', '1543481463');
INSERT INTO `shop_category` VALUES ('96', '女士钱包', '1', '2', '21', '1543481463');
INSERT INTO `shop_category` VALUES ('97', '男士钱包', '1', '2', '21', '1543481463');
INSERT INTO `shop_category` VALUES ('98', '奶粉', '1', '2', '22', '1543481463');
INSERT INTO `shop_category` VALUES ('99', '奶瓶', '1', '2', '22', '1543481463');
INSERT INTO `shop_category` VALUES ('100', '母乳喂养', '1', '2', '22', '1543481463');
INSERT INTO `shop_category` VALUES ('101', '安抚奶嘴', '1', '2', '22', '1543481463');
INSERT INTO `shop_category` VALUES ('102', '四轮推车', '1', '2', '23', '1543481463');
INSERT INTO `shop_category` VALUES ('103', '三轮推车', '1', '2', '23', '1543481463');
INSERT INTO `shop_category` VALUES ('104', '童车配件', '1', '2', '23', '1543481463');
INSERT INTO `shop_category` VALUES ('105', '运安全座椅', '1', '2', '24', '1543481463');
INSERT INTO `shop_category` VALUES ('106', '安全门栏', '1', '2', '24', '1543481463');
INSERT INTO `shop_category` VALUES ('107', '婴儿监视器', '1', '2', '24', '1543481463');
INSERT INTO `shop_category` VALUES ('108', '男婴', '1', '2', '25', '1543481463');
INSERT INTO `shop_category` VALUES ('109', '女婴', '1', '2', '25', '1543481463');
INSERT INTO `shop_category` VALUES ('110', '婴幼儿鞋', '1', '2', '25', '1543481463');
INSERT INTO `shop_category` VALUES ('111', '箱包配件', '1', '2', '25', '1543481463');
INSERT INTO `shop_category` VALUES ('112', '模型收藏', '1', '2', '26', '1543481463');
INSERT INTO `shop_category` VALUES ('113', '火车模型', '1', '2', '26', '1543481463');
INSERT INTO `shop_category` VALUES ('114', '角色模型', '1', '2', '26', '1543481463');
INSERT INTO `shop_category` VALUES ('115', '电子学习', '1', '2', '27', '1543481463');
INSERT INTO `shop_category` VALUES ('116', '科学类玩具', '1', '2', '27', '1543481463');
INSERT INTO `shop_category` VALUES ('117', '考古与生物', '1', '2', '27', '1543481463');
INSERT INTO `shop_category` VALUES ('118', '汽车遥控', '1', '2', '28', '1543481463');
INSERT INTO `shop_category` VALUES ('119', '机器人', '1', '2', '28', '1543481463');
INSERT INTO `shop_category` VALUES ('120', '飞机遥控', '1', '2', '28', '1543481463');
INSERT INTO `shop_category` VALUES ('121', '纸质拼图', '1', '2', '29', '1543481463');
INSERT INTO `shop_category` VALUES ('122', '3D立体拼图', '1', '2', '29', '1543481463');
INSERT INTO `shop_category` VALUES ('123', '地板拼图', '1', '2', '29', '1543481463');
INSERT INTO `shop_category` VALUES ('124', '面部清洁', '1', '2', '30', '1543481463');
INSERT INTO `shop_category` VALUES ('125', '乳液面霜', '1', '2', '30', '1543481463');
INSERT INTO `shop_category` VALUES ('126', '化妆水', '1', '2', '30', '1543481463');
INSERT INTO `shop_category` VALUES ('127', '面部', '1', '2', '31', '1543481463');
INSERT INTO `shop_category` VALUES ('128', '眼部', '1', '2', '31', '1543481463');
INSERT INTO `shop_category` VALUES ('129', '唇部', '1', '2', '31', '1543481463');
INSERT INTO `shop_category` VALUES ('130', '洗发', '1', '2', '32', '1543481463');
INSERT INTO `shop_category` VALUES ('131', '护发', '1', '2', '32', '1543481463');
INSERT INTO `shop_category` VALUES ('132', '造型用品', '1', '2', '32', '1543481463');
INSERT INTO `shop_category` VALUES ('133', '沐浴', '1', '2', '33', '1543481463');
INSERT INTO `shop_category` VALUES ('134', '身体保养', '1', '2', '33', '1543481463');
INSERT INTO `shop_category` VALUES ('135', '手足护理', '1', '2', '33', '1543481463');
INSERT INTO `shop_category` VALUES ('136', '榨汁/搅拌机', '1', '2', '34', '1543481463');
INSERT INTO `shop_category` VALUES ('137', '咖啡机', '1', '2', '34', '1543481463');
INSERT INTO `shop_category` VALUES ('138', '电饭煲', '1', '2', '34', '1543481463');
INSERT INTO `shop_category` VALUES ('139', '保温杯', '1', '2', '35', '1543481463');
INSERT INTO `shop_category` VALUES ('140', '高端茶具', '1', '2', '35', '1543481463');
INSERT INTO `shop_category` VALUES ('141', '随手杯', '1', '2', '35', '1543481463');
INSERT INTO `shop_category` VALUES ('142', '煎锅/平底锅', '1', '2', '36', '1543481463');
INSERT INTO `shop_category` VALUES ('143', '汤锅', '1', '2', '36', '1543481463');
INSERT INTO `shop_category` VALUES ('144', '炒锅', '1', '2', '36', '1543481463');
INSERT INTO `shop_category` VALUES ('145', '空气净化器', '1', '2', '37', '1543481463');
INSERT INTO `shop_category` VALUES ('146', '吸尘器', '1', '2', '37', '1543481463');
INSERT INTO `shop_category` VALUES ('147', '加湿器', '1', '2', '37', '1543481463');
INSERT INTO `shop_category` VALUES ('148', '笔记本', '1', '2', '38', '1543481463');
INSERT INTO `shop_category` VALUES ('149', '台式机', '1', '2', '38', '1543481463');
INSERT INTO `shop_category` VALUES ('150', '平板电脑', '1', '2', '38', '1543481463');
INSERT INTO `shop_category` VALUES ('151', '内存', '1', '2', '39', '1543481463');
INSERT INTO `shop_category` VALUES ('152', '显示器', '1', '2', '39', '1543481463');
INSERT INTO `shop_category` VALUES ('153', '硬盘', '1', '2', '39', '1543481463');
INSERT INTO `shop_category` VALUES ('154', '鼠标键盘', '1', '2', '40', '1543481463');
INSERT INTO `shop_category` VALUES ('155', '笔记本配件', '1', '2', '40', '1543481463');
INSERT INTO `shop_category` VALUES ('156', '平板电脑配件', '1', '2', '40', '1543481463');
INSERT INTO `shop_category` VALUES ('157', '内置硬盘', '1', '2', '41', '1543481463');
INSERT INTO `shop_category` VALUES ('158', '移动硬盘', '1', '2', '41', '1543481463');
INSERT INTO `shop_category` VALUES ('159', 'U盘', '1', '2', '41', '1543481463');
INSERT INTO `shop_category` VALUES ('160', '耳机', '1', '2', '42', '1543481463');
INSERT INTO `shop_category` VALUES ('161', '音响', '1', '2', '42', '1543481463');
INSERT INTO `shop_category` VALUES ('162', '智能穿戴', '1', '2', '42', '1543481463');
INSERT INTO `shop_category` VALUES ('163', '运动休闲服', '1', '2', '43', '1543481463');
INSERT INTO `shop_category` VALUES ('164', '瑜伽服', '1', '2', '43', '1543481463');
INSERT INTO `shop_category` VALUES ('165', '跑步服', '1', '2', '43', '1543481463');
INSERT INTO `shop_category` VALUES ('166', '男士运动鞋', '1', '2', '44', '1543481463');
INSERT INTO `shop_category` VALUES ('167', '男士户外鞋', '1', '2', '44', '1543481463');
INSERT INTO `shop_category` VALUES ('168', '女士运动鞋', '1', '2', '44', '1543481463');
INSERT INTO `shop_category` VALUES ('169', '跑步', '1', '2', '45', '1543481463');
INSERT INTO `shop_category` VALUES ('170', '瑜伽', '1', '2', '45', '1543481463');
INSERT INTO `shop_category` VALUES ('171', '健身', '1', '2', '45', '1543481463');
INSERT INTO `shop_category` VALUES ('172', '钓鱼', '1', '2', '46', '1543481463');
INSERT INTO `shop_category` VALUES ('173', '高尔夫', '1', '2', '46', '1543481463');
INSERT INTO `shop_category` VALUES ('174', '骑行', '1', '2', '46', '1543481463');
INSERT INTO `shop_category` VALUES ('175', '拳击', '1', '2', '46', '1543481463');
INSERT INTO `shop_category` VALUES ('176', '钢笔', '1', '2', '47', '1543481463');
INSERT INTO `shop_category` VALUES ('177', '圆珠笔', '1', '2', '47', '1543481463');
INSERT INTO `shop_category` VALUES ('178', '铅笔', '1', '2', '47', '1543481463');
INSERT INTO `shop_category` VALUES ('179', '单功能打印机', '1', '2', '48', '1543481463');
INSERT INTO `shop_category` VALUES ('180', '投影仪', '1', '2', '48', '1543481463');
INSERT INTO `shop_category` VALUES ('181', '监控设备', '1', '2', '48', '1543481463');
INSERT INTO `shop_category` VALUES ('182', '硒鼓', '1', '2', '49', '1543481463');
INSERT INTO `shop_category` VALUES ('183', '墨粉', '1', '2', '49', '1543481463');
INSERT INTO `shop_category` VALUES ('184', '打印标签', '1', '2', '49', '1543481463');
INSERT INTO `shop_category` VALUES ('185', '文件档案管理', '1', '2', '50', '1543481463');
INSERT INTO `shop_category` VALUES ('186', '桌上用品', '1', '2', '50', '1543481463');
INSERT INTO `shop_category` VALUES ('187', '粘胶紧固用品', '1', '2', '50', '1543481463');
INSERT INTO `shop_category` VALUES ('188', '计算器', '1', '2', '51', '1543481463');
INSERT INTO `shop_category` VALUES ('189', '账簿', '1', '2', '51', '1543481463');
INSERT INTO `shop_category` VALUES ('190', '印章', '1', '2', '51', '1543481463');
INSERT INTO `shop_category` VALUES ('191', '男表', '1', '2', '54', '1543481463');
INSERT INTO `shop_category` VALUES ('192', '女表', '1', '2', '54', '1543481463');
INSERT INTO `shop_category` VALUES ('193', '钟', '1', '2', '54', '1543481463');
INSERT INTO `shop_category` VALUES ('194', '女士饰品', '1', '2', '55', '1543481463');
INSERT INTO `shop_category` VALUES ('195', '男士饰品', '1', '2', '55', '1543481463');
INSERT INTO `shop_category` VALUES ('196', '饰品配件', '1', '2', '55', '1543481463');

-- ----------------------------
-- Table structure for shop_collection
-- ----------------------------
DROP TABLE IF EXISTS `shop_collection`;
CREATE TABLE `shop_collection` (
  `user_id` int(11) DEFAULT NULL,
  `goods_id` int(11) DEFAULT NULL
) ENGINE=InnoDB DEFAULT CHARSET=utf8;

-- ----------------------------
-- Records of shop_collection
-- ----------------------------
INSERT INTO `shop_collection` VALUES ('7', '6');
INSERT INTO `shop_collection` VALUES ('7', '4');
INSERT INTO `shop_collection` VALUES ('7', '4');
INSERT INTO `shop_collection` VALUES ('7', '0');

-- ----------------------------
-- Table structure for shop_config
-- ----------------------------
DROP TABLE IF EXISTS `shop_config`;
CREATE TABLE `shop_config` (
  `name` varchar(30) DEFAULT NULL,
  `value` varchar(30) DEFAULT NULL
) ENGINE=InnoDB DEFAULT CHARSET=utf8;

-- ----------------------------
-- Records of shop_config
-- ----------------------------
INSERT INTO `shop_config` VALUES ('WEB_NAME', '电子商城');
INSERT INTO `shop_config` VALUES ('WEB_URL', 'https://www.myshop.com/');
INSERT INTO `shop_config` VALUES ('WEB_COPYRIGHT', '123456');
INSERT INTO `shop_config` VALUES ('WEB_RECORD', '京ICP74554235623');

-- ----------------------------
-- Table structure for shop_friend
-- ----------------------------
DROP TABLE IF EXISTS `shop_friend`;
CREATE TABLE `shop_friend` (
  `friend_id` int(11) NOT NULL AUTO_INCREMENT,
  `friend_name` varchar(45) DEFAULT NULL,
  `friend_url` varchar(45) DEFAULT NULL,
  `create_time` int(11) DEFAULT NULL,
  PRIMARY KEY (`friend_id`)
) ENGINE=InnoDB AUTO_INCREMENT=4 DEFAULT CHARSET=utf8;

-- ----------------------------
-- Records of shop_friend
-- ----------------------------
INSERT INTO `shop_friend` VALUES ('1', '百度', 'www.baidu.com', '1542110409');
INSERT INTO `shop_friend` VALUES ('2', '腾讯', 'www.qq.com', '1542111552');
INSERT INTO `shop_friend` VALUES ('3', '淘宝', 'www.taobao.com', '1542155585');

-- ----------------------------
-- Table structure for shop_goods
-- ----------------------------
DROP TABLE IF EXISTS `shop_goods`;
CREATE TABLE `shop_goods` (
  `goods_id` int(11) NOT NULL AUTO_INCREMENT,
  `goods_name` varchar(100) DEFAULT NULL,
  `goods_selfprice` float DEFAULT NULL,
  `goods_marketprice` float DEFAULT NULL,
  `goods_up` tinyint(4) DEFAULT NULL,
  `goods_new` tinyint(4) NOT NULL DEFAULT '2',
  `goods_best` tinyint(4) NOT NULL DEFAULT '2',
  `sale_num` int(11) DEFAULT NULL,
  `goods_hot` tinyint(4) NOT NULL DEFAULT '2',
  `goods_num` int(11) DEFAULT NULL,
  `goods_des` text,
  `goods_score` int(11) DEFAULT NULL,
  `goods_img` varchar(60) DEFAULT NULL,
  `goods_imgs` varchar(255) DEFAULT NULL,
  `create_time` int(11) DEFAULT NULL,
  `cate_id` int(11) NOT NULL,
  `brand_id` int(11) NOT NULL,
  PRIMARY KEY (`goods_id`),
  KEY `fk_shop_goods_shop_category_idx` (`cate_id`),
  KEY `fk_shop_goods_shop_brand1_idx` (`brand_id`)
) ENGINE=InnoDB AUTO_INCREMENT=55 DEFAULT CHARSET=utf8;

-- ----------------------------
-- Records of shop_goods
-- ----------------------------
INSERT INTO `shop_goods` VALUES ('1', 'TAMARIS 女 低跟鞋', '299', '400', '1', '1', '1', '12313', '2', '10', '<img src=\"http://www.myshop.com/public/uploads/editimg/20181205\\a5.jpg\" alt=\"aaa\">', '299', '20181205\\3fb95cae319c8330fada42a01b5c34bc.jpg', '|20181129\\1b10ec8a523e9c3d90c0e43388a90256.jpg|20181129\\1637e95ec8d2490a1ae49035dffaeb77.jpg|20181129\\08dc29c46ed51004c18eb513a46cfbeb.jpg|20181205\\ad02835cc12cd19445c6f5a76424bb3c.jpg', '1543492224', '56', '1');
INSERT INTO `shop_goods` VALUES ('2', 'ZAXY POP BOW II系列 女 芭蕾鞋', '199', '300', '1', '1', '1', '123123', '2', '6', '<img src=\"http://www.myshop.com/public/uploads/editimg/20181205\\a5.jpg\" alt=\"aaa\">', '299', '20181205\\31f8f32b40221065dba7b1ae85a6f03d.jpg', '|20181129\\60c31e90d17c563ba1ab162c667f3e39.jpg|20181129\\b3caeb8fe077148377501511400a533a.jpg|20181129\\9cfd1eb92d2d14dd294e3fb01c6fe992.jpg|20181205\\dfc0f88603b6b6f706cb8de0c6909bab.jpg', '1543492343', '57', '2');
INSERT INTO `shop_goods` VALUES ('3', 'Clarks 女士 Juliet Lora 乐福鞋', '359', '450', '1', '1', '1', '4534534', '2', '4', '<img src=\"http://www.myshop.com/public/uploads/editimg/20181205\\a5.jpg\" alt=\"aaa\">', '299', '20181205\\5919517b5144afcff1233d1fa6d43855.jpg', '|20181129\\98ea60915a8862d8ec68303c201ad193.jpg|20181129\\08705574d0c0322d3919dea67ed7c790.jpg|20181129\\32412ba22b907e4c1141486f17a77e7a.jpg|20181205\\88cea120c672e5f6cb3e2004bd061c4f.jpg', '1543492471', '58', '3');
INSERT INTO `shop_goods` VALUES ('4', 'Crocs 卡骆驰 中性卡骆班洞洞鞋', '159', '200', '1', '1', '1', '123123', '2', '10', '<img src=\"http://www.myshop.com/public/uploads/editimg/20181205\\a5.jpg\" alt=\"aaa\">', '159', '20181205\\79d3f2ad92319cd3cf352aa33f6821f4.jpg', '|20181129\\c181e52c61b780120a20ab5d443cfa63.jpg|20181129\\bddda5591a119b2c9fd5ae5f90a84ddc.jpg|20181129\\11892b8f622c6c4b89cbaaeb2d7d442d.jpg|20181205\\e8d017311e574c33274e37a7e5fbdaca.jpg', '1543492577', '59', '4');
INSERT INTO `shop_goods` VALUES ('5', 'Clarks 男士 cotrell 边缘牛津鞋', '349', '500', '1', '1', '1', '434', '2', '500', '<img src=\"http://www.myshop.com/public/uploads/editimg/20181205\\a5.jpg\" alt=\"aaa\">', '349', '20181205\\77ed3c55e4c2c1198bee4cfd93ebc7b1.jpg', '|20181129\\10a3dd16f02254e98c77c0d57d47e4d6.jpg|20181129\\e15d1885f265feb7a170cf6462d5e38d.jpg|20181129\\763335f857aca5efcac28aef30ae2204.jpg', '1543492729', '60', '5');
INSERT INTO `shop_goods` VALUES ('6', '春秋款 真皮时尚男鞋', '239', '500', '1', '1', '1', '1245', '2', '7', '<img src=\"http://www.myshop.com/public/uploads/editimg/20181205\\a5.jpg\" alt=\"aaa\">', '349', '20181129\\ce76ba8b0dfcd8285ec83c2e9615350b.jpg', '|20181129\\c60fa51a529ab19605c94e2f28964787.jpg|20181129\\7ee569fd031046bbba93ab8e3cfebff4.jpg|20181129\\8100715a599a11035677b78c2528078c.jpg', '1543492840', '61', '6');
INSERT INTO `shop_goods` VALUES ('7', '无袖蕾丝花边中长裙 ', '239', '500', '1', '1', '1', '12', '2', '500', '<img src=\"http://www.myshop.com/public/uploads/editimg/20181205\\a5.jpg\" alt=\"aaa\">', '349', '20181206\\8822d72148a41239618873b6d7ddfe90.jpg', '|20181206\\bc96cabd588eb6e3d6757f8f42ae503f.jpg|20181206\\8ce02b12919318a64134a02fbc1d91f8.jpg|20181206\\f8ff0805ae61cfef57a8f96621b06b35.jpg', '1543493248', '75', '7');
INSERT INTO `shop_goods` VALUES ('8', '多层式字母图案上衣', '250', '250', '1', '1', '1', '31', '1', '250', '<img src=\"http://www.myshop.com/public/uploads/editimg/20181205\\a5.jpg\" alt=\"aaa\">', '250', '20181129\\c4758e67fd69636b6c93d82ba4e5529b.jpg', '|20181206\\bc96cabd588eb6e3d6757f8f42ae503f.jpg|20181206\\8ce02b12919318a64134a02fbc1d91f8.jpg|20181206\\f8ff0805ae61cfef57a8f96621b06b35.jp', '1543493329', '76', '8');
INSERT INTO `shop_goods` VALUES ('9', 'Lee Women\'s Classic-Fit Monroe Straight-Leg', '250', '250', '1', '1', '1', '3123', '1', '250', '<img src=\"http://www.myshop.com/public/uploads/editimg/20181205\\a5.jpg\" alt=\"aaa\">', '250', '20181129\\8543b9202c9760ee84cdc3a38421b00b.jpg', '|20181206\\bc96cabd588eb6e3d6757f8f42ae503f.jpg|20181206\\8ce02b12919318a64134a02fbc1d91f8.jpg|20181206\\f8ff0805ae61cfef57a8f96621b06b35.jpg', '1543493368', '77', '9');
INSERT INTO `shop_goods` VALUES ('10', 'Lee 男式长袖牛津衬衫', '250', '250', '1', '1', '1', '123', '1', '248', '<img src=\"http://www.myshop.com/public/uploads/editimg/20181205\\a5.jpg\" alt=\"aaa\">', '250', '20181205\\d2cb3c772385945f3661c08a362c97fe.jpg', '|20181206\\bc96cabd588eb6e3d6757f8f42ae503f.jpg|20181206\\8ce02b12919318a64134a02fbc1d91f8.jpg|20181206\\f8ff0805ae61cfef57a8f96621b06b35.jpg', '1543493416', '78', '10');
INSERT INTO `shop_goods` VALUES ('11', 'Powerblend套头卫衣', '250', '250', '1', '1', '1', '33', '1', '250', '<img src=\"http://www.myshop.com/public/uploads/editimg/20181205\\a5.jpg\" alt=\"aaa\">', '250', '20181129\\aeb4d6e179f9031346d7bfdd68b22216.jpg', '|20181206\\bc96cabd588eb6e3d6757f8f42ae503f.jpg|20181206\\8ce02b12919318a64134a02fbc1d91f8.jpg|20181206\\f8ff0805ae61cfef57a8f96621b06b35.jpg', '1543493446', '79', '11');
INSERT INTO `shop_goods` VALUES ('12', 'Diver Japanese 自动手表 ', '600', '700', '1', '1', '1', '1212', '1', '250', '<img src=\"http://www.myshop.com/public/uploads/editimg/20181205\\a5.jpg\" alt=\"aaa\">', '250', '20181129\\d99d5a6feac0631a60b627a775bca307.jpg', '|20181206\\bc96cabd588eb6e3d6757f8f42ae503f.jpg|20181206\\8ce02b12919318a64134a02fbc1d91f8.jpg|20181206\\f8ff0805ae61cfef57a8f96621b06b35.jpg', '1543493758', '191', '11');
INSERT INTO `shop_goods` VALUES ('13', '玫瑰金色方晶锆石独特时尚环状耳环女士礼品 ', '100', '300', '1', '1', '1', '23', '1', '250', '<img src=\"http://www.myshop.com/public/uploads/editimg/20181205\\a5.jpg\" alt=\"aaa\">', '250', '20181129\\31ba5485b9066516e8b1882a9a6bd392.jpg', '|20181206\\bc96cabd588eb6e3d6757f8f42ae503f.jpg|20181206\\8ce02b12919318a64134a02fbc1d91f8.jpg|20181206\\f8ff0805ae61cfef57a8f96621b06b35.jpg', '1543493805', '191', '11');
INSERT INTO `shop_goods` VALUES ('14', '鳄鱼皮派对手包女士时尚单肩包 ', '1112', '300', '1', '1', '1', '121231', '1', '247', '<img src=\"http://www.myshop.com/public/uploads/editimg/20181205\\a5.jpg\" alt=\"aaa\">', '250', '20181129\\e351ec3d85d6f6c642cc35abbdc20a7a.jpg', '|20181206\\bc96cabd588eb6e3d6757f8f42ae503f.jpg|20181206\\8ce02b12919318a64134a02fbc1d91f8.jpg|20181206\\f8ff0805ae61cfef57a8f96621b06b35.jpg', '1543493920', '91', '11');
INSERT INTO `shop_goods` VALUES ('15', 'Mombella Mimi 蘑菇牙胶', '1112', '300', '1', '1', '1', '13', '1', '250', '<img src=\"http://www.myshop.com/public/uploads/editimg/20181205\\a5.jpg\" alt=\"aaa\">', '250', '20181129\\10799801ee415a1b9cd96b2ef62b7111.jpg', '|20181206\\bc96cabd588eb6e3d6757f8f42ae503f.jpg|20181206\\8ce02b12919318a64134a02fbc1d91f8.jpg|20181206\\f8ff0805ae61cfef57a8f96621b06b35.jpg', '1543493988', '101', '11');
INSERT INTO `shop_goods` VALUES ('16', '可折叠加长门带门烧烤壁炉保护防火门 ', '838', '300', '1', '1', '1', '312312', '1', '250', '<img src=\"http://www.myshop.com/public/uploads/editimg/20181205\\a5.jpg\" alt=\"aaa\">', '250', '20181129\\167c546e5ae45c6c0f7855b8449eabcb.jpg', '|20181206\\bc96cabd588eb6e3d6757f8f42ae503f.jpg|20181206\\8ce02b12919318a64134a02fbc1d91f8.jpg|20181206\\f8ff0805ae61cfef57a8f96621b06b35.jpg', '1543494040', '106', '11');
INSERT INTO `shop_goods` VALUES ('17', '轻便婴儿推车柠檬黄', '1500', '1600', '1', '2', '2', '876345', '2', '123', '<img src=\"http://www.myshop.com/public/uploads/editimg/20181205\\a5.jpg\" alt=\"aaa\">', '1500', '20181203\\6145b8e2bcdb26aeb327c6b2883ca4ce.jpg', '|20181206\\bc96cabd588eb6e3d6757f8f42ae503f.jpg|20181206\\8ce02b12919318a64134a02fbc1d91f8.jpg|20181206\\f8ff0805ae61cfef57a8f96621b06b35.jpg', '1543825600', '102', '12');
INSERT INTO `shop_goods` VALUES ('18', '六层纱布大号蘑菇睡袋 ', '250', '300', '1', '2', '2', '12312', '2', '123', '<img src=\"http://www.myshop.com/public/uploads/editimg/20181205\\a5.jpg\" alt=\"aaa\">', '1500', '20181203\\bc5972dfe2712e1f8ab52843044422f5.jpg', '|20181206\\bc96cabd588eb6e3d6757f8f42ae503f.jpg|20181206\\8ce02b12919318a64134a02fbc1d91f8.jpg|20181206\\f8ff0805ae61cfef57a8f96621b06b35.jpgg', '1543825700', '110', '13');
INSERT INTO `shop_goods` VALUES ('19', 'b.box 防水罩围嘴', '250', '300', '1', '2', '2', '21', '2', '123', '狗是人类的好朋友<img src=\"http://www.myshop.com/public/uploads/editimg/20181205\\timg.jpg\" alt=\"aaa\">', '1500', '20181203\\fe4b69f197bc8541037fdfaeabf5be4a.jpg', '|20181206\\bc96cabd588eb6e3d6757f8f42ae503f.jpg|20181206\\8ce02b12919318a64134a02fbc1d91f8.jpg|20181206\\f8ff0805ae61cfef57a8f96621b06b35.jpg', '1543825754', '109', '13');
INSERT INTO `shop_goods` VALUES ('20', 'Fisher-Price Think & Learn Rocktopus', '400', '410', '1', '2', '2', '1212', '2', '123', '狗是人类的好朋友<img src=\"http://www.myshop.com/public/uploads/editimg/20181205\\timg.jpg\" alt=\"aaa\">', '1500', '20181203\\7ee464f71a92a67a5d1794e4b760da44.jpg', '|20181206\\bc96cabd588eb6e3d6757f8f42ae503f.jpg|20181206\\8ce02b12919318a64134a02fbc1d91f8.jpg|20181206\\f8ff0805ae61cfef57a8f96621b06b35.jpg', '1543825810', '116', '14');
INSERT INTO `shop_goods` VALUES ('21', '儿童遥控飞机玩具(豪华双游戏套装)', '899', '900', '1', '2', '2', '1', '2', '123', '狗是人类的好朋友<img src=\"http://www.myshop.com/public/uploads/editimg/20181205\\timg.jpg\" alt=\"aaa\">', '1500', '20181203\\902876b69824fbc34dfde4747bd03fa0.jpg', '|20181206\\bc96cabd588eb6e3d6757f8f42ae503f.jpg|20181206\\8ce02b12919318a64134a02fbc1d91f8.jpg|20181206\\f8ff0805ae61cfef57a8f96621b06b35.jpg', '1543825867', '120', '15');
INSERT INTO `shop_goods` VALUES ('22', '益智玩具 木质门锁和门闩游戏板', '200', '215', '1', '2', '2', '11', '2', '123', '狗是人类的好朋友<img src=\"http://www.myshop.com/public/uploads/editimg/20181205\\timg.jpg\" alt=\"aaa\">', '1500', '20181203\\b8d80f6ea275ab04e97d15141a2fda21.jpg', '|20181206\\bc96cabd588eb6e3d6757f8f42ae503f.jpg|20181206\\8ce02b12919318a64134a02fbc1d91f8.jpg|20181206\\f8ff0805ae61cfef57a8f96621b06b35.jpg', '1543825924', '120', '15');
INSERT INTO `shop_goods` VALUES ('23', '圣诞老人快速圣诞火车套装', '400', '430', '1', '2', '2', '5353', '2', '123', '狗是人类的好朋友<img src=\"http://www.myshop.com/public/uploads/editimg/20181205\\timg.jpg\" alt=\"aaa\">', '1500', '20181203\\480986e03459a6c9173f5ca9c6b0909c.jpg', '|20181203\\ac74ee98eeccc65074f638dccc62e1d9.jpg|20181203\\10448b20439f4b98530c6536b5900b7e.jpg|20181203\\07d092b3dc3f03df21d29b969d5071ea.jpg', '1543825998', '113', '15');
INSERT INTO `shop_goods` VALUES ('24', 'SONIC透肤声波洁面仪(粉红色)', '804', '810', '1', '2', '2', '111', '2', '123', '狗是人类的好朋友<img src=\"http://www.myshop.com/public/uploads/editimg/20181205\\timg.jpg\" alt=\"aaa\">', '1500', '20181203\\c90d580282d0c801034662dbe048ed42.jpg', '|20181203\\ac74ee98eeccc65074f638dccc62e1d9.jpg|20181203\\10448b20439f4b98530c6536b5900b7e.jpg|20181203\\07d092b3dc3f03df21d29b969d5071ea.jpg', '1543826118', '124', '11');
INSERT INTO `shop_goods` VALUES ('25', 'SONIC透肤声波洁面仪(紫红色)', '750', '760', '1', '2', '2', '545645', '2', '120', '狗是人类的好朋友<img src=\"http://www.myshop.com/public/uploads/editimg/20181205\\timg.jpg\" alt=\"aaa\">', '1500', '20181203\\824e0e958c74a7c28f0e9d519ad2a663.jpg', '|20181203\\ac74ee98eeccc65074f638dccc62e1d9.jpg|20181203\\10448b20439f4b98530c6536b5900b7e.jpg|20181203\\07d092b3dc3f03df21d29b969d5071ea.jpg', '1543826136', '124', '11');
INSERT INTO `shop_goods` VALUES ('26', 'SONIC透肤声波洁面仪(天蓝色)', '701', '710', '1', '2', '2', '2312', '2', '123', '狗是人类的好朋友<img src=\"http://www.myshop.com/public/uploads/editimg/20181205\\timg.jpg\" alt=\"aaa\">', '1500', '20181203\\41bf0820a44f30cc3a7b1992f2931136.jpg', '|20181203\\ac74ee98eeccc65074f638dccc62e1d9.jpg|20181203\\10448b20439f4b98530c6536b5900b7e.jpg|20181203\\07d092b3dc3f03df21d29b969d5071ea.jpg', '1543826155', '124', '11');
INSERT INTO `shop_goods` VALUES ('27', '资生堂丝蓓绮蓝椿无硅洗护套装', '70', '71', '1', '2', '2', '112', '2', '123', '狗是人类的好朋友<img src=\"http://www.myshop.com/public/uploads/editimg/20181205\\timg.jpg\" alt=\"aaa\">', '1500', '20181203\\f7c031132f21317b7e4fa9bdc5fc3bcd.jpg', '|20181203\\ac74ee98eeccc65074f638dccc62e1d9.jpg|20181203\\10448b20439f4b98530c6536b5900b7e.jpg|20181203\\07d092b3dc3f03df21d29b969d5071ea.jpg', '1543826307', '131', '11');
INSERT INTO `shop_goods` VALUES ('28', 'Tree Hut牛油果磨砂膏', '160', '71', '1', '2', '2', '45345', '2', '123', '狗是人类的好朋友<img src=\"http://www.myshop.com/public/uploads/editimg/20181205\\timg.jpg\" alt=\"aaa\">', '1500', '20181203\\48abcbceb9a954669895bc501a9655b2.jpg', '|20181203\\ac74ee98eeccc65074f638dccc62e1d9.jpg|20181203\\10448b20439f4b98530c6536b5900b7e.jpg|20181203\\07d092b3dc3f03df21d29b969d5071ea.jpg', '1543826368', '133', '9');
INSERT INTO `shop_goods` VALUES ('29', 'DIOR 迪奥 克丽斯汀 魅惑润唇膏001', '269', '270', '1', '2', '2', '78678', '2', '122', '狗是人类的好朋友<img src=\"http://www.myshop.com/public/uploads/editimg/20181205\\timg.jpg\" alt=\"aaa\">', '1500', '20181203\\33c74fa496884fa8c3f4d0d5fa8bec31.jpg', '|20181203\\ac74ee98eeccc65074f638dccc62e1d9.jpg|20181203\\10448b20439f4b98530c6536b5900b7e.jpg|20181203\\07d092b3dc3f03df21d29b969d5071ea.jpg', '1543826559', '129', '14');
INSERT INTO `shop_goods` VALUES ('30', 'Essenza Mini 胶囊咖啡机', '561', '580', '1', '2', '2', '45678', '2', '122', '狗是人类的好朋友<img src=\"http://www.myshop.com/public/uploads/editimg/20181205\\timg.jpg\" alt=\"aaa\">', '1500', '20181205\\6cfb0270559735198afa8104a167151b.jpg', '|20181203\\ac74ee98eeccc65074f638dccc62e1d9.jpg|20181203\\10448b20439f4b98530c6536b5900b7e.jpg|20181203\\07d092b3dc3f03df21d29b969d5071ea.jpg', '1543826867', '137', '4');
INSERT INTO `shop_goods` VALUES ('31', '德国WMF福腾宝意大利进口不粘锅', '1400', '1500', '1', '2', '2', '789', '2', '123', '狗是人类的好朋友<img src=\"http://www.myshop.com/public/uploads/editimg/20181205\\timg.jpg\" alt=\"aaa\">', '1500', '20181203\\3d3d2e079304590ced2de266cab91d96.jpg', '|20181203\\ac74ee98eeccc65074f638dccc62e1d9.jpg|20181203\\10448b20439f4b98530c6536b5900b7e.jpg|20181203\\07d092b3dc3f03df21d29b969d5071ea.jpg', '1543826920', '142', '7');
INSERT INTO `shop_goods` VALUES ('32', 'Contigo Autospout Striker Chill儿童不锈钢水杯', '1400', '1500', '1', '2', '2', '789', '2', '123', '狗是人类的好朋友<img src=\"http://www.myshop.com/public/uploads/editimg/20181205\\timg.jpg\" alt=\"aaa\">', '1500', '20181203\\a4cf3a6ab534c304d193a2266e3a8a0a.jpg', '|20181203\\ac74ee98eeccc65074f638dccc62e1d9.jpg|20181203\\10448b20439f4b98530c6536b5900b7e.jpg|20181203\\07d092b3dc3f03df21d29b969d5071ea.jpg', '1543826990', '141', '15');
INSERT INTO `shop_goods` VALUES ('33', '领豪 复古 21682-56 烤面包机 ', '500', '600', '1', '2', '2', '7897', '2', '123', '狗是人类的好朋友<img src=\"http://www.myshop.com/public/uploads/editimg/20181205\\timg.jpg\" alt=\"aaa\">', '1500', '20181203\\34fd1953bb15e83fa0a1d5213664797e.jpg', '|20181203\\ac74ee98eeccc65074f638dccc62e1d9.jpg|20181203\\10448b20439f4b98530c6536b5900b7e.jpg|20181203\\07d092b3dc3f03df21d29b969d5071ea.jpg', '1543827067', '138', '10');
INSERT INTO `shop_goods` VALUES ('34', 'Wedgwood Wonderlust 蓝色 Pagoda 3 件套茶具', '1199', '1200', '1', '2', '2', '9898', '2', '123', '狗是人类的好朋友<img src=\"http://www.myshop.com/public/uploads/editimg/20181205\\timg.jpg\" alt=\"aaa\">', '1500', '20181203\\4aaec4b97e52f708c76d482626ae43bb.jpg', '|20181203\\ac74ee98eeccc65074f638dccc62e1d9.jpg|20181203\\10448b20439f4b98530c6536b5900b7e.jpg|20181203\\07d092b3dc3f03df21d29b969d5071ea.jpg', '1543827151', '140', '10');
INSERT INTO `shop_goods` VALUES ('35', '珐琅铸铁炖锅', '1196', '1200', '1', '2', '2', '777', '2', '123', '狗是人类的好朋友<img src=\"http://www.myshop.com/public/uploads/editimg/20181205\\timg.jpg\" alt=\"aaa\">', '1500', '20181203\\19e7c3a1b1001836d242643b6587209a.jpg', '|20181203\\ac74ee98eeccc65074f638dccc62e1d9.jpg|20181203\\10448b20439f4b98530c6536b5900b7e.jpg|20181203\\07d092b3dc3f03df21d29b969d5071ea.jpg', '1543827230', '143', '13');
INSERT INTO `shop_goods` VALUES ('36', '联想 Thinkpad X1 Yoga * 3 代', '14157', '15000', '1', '2', '2', '7867', '2', '123', '狗是人类的好朋友<img src=\"http://www.myshop.com/public/uploads/editimg/20181205\\timg.jpg\" alt=\"aaa\">', '1500', '20181203\\f9d703f273aaae0f01fae2ad1fe340b1.jpg', '|20181203\\ac74ee98eeccc65074f638dccc62e1d9.jpg|20181203\\10448b20439f4b98530c6536b5900b7e.jpg|20181203\\07d092b3dc3f03df21d29b969d5071ea.jpg', '1543827320', '148', '11');
INSERT INTO `shop_goods` VALUES ('37', 'ASUS ROG Zephyrus S 超薄游戏笔记本电脑', '11894', '12000', '1', '2', '2', '1212', '2', '123', '狗是人类的好朋友<img src=\"http://www.myshop.com/public/uploads/editimg/20181205\\timg.jpg\" alt=\"aaa\">', '1500', '20181203\\34f37f06f9f33f2b71c38b7834587f69.jpg', '|20181203\\ac74ee98eeccc65074f638dccc62e1d9.jpg|20181203\\10448b20439f4b98530c6536b5900b7e.jpg|20181203\\07d092b3dc3f03df21d29b969d5071ea.jpg', '1543827387', '148', '15');
INSERT INTO `shop_goods` VALUES ('38', '联想 Thinkpad X1 Yoga * 3 代', '14157', '15000', '1', '2', '2', '212', '2', '123', '狗是人类的好朋友<img src=\"http://www.myshop.com/public/uploads/editimg/20181205\\timg.jpg\" alt=\"aaa\">', '1500', '20181203\\f9d703f273aaae0f01fae2ad1fe340b1.jpg', '|20181203\\ac74ee98eeccc65074f638dccc62e1d9.jpg|20181203\\10448b20439f4b98530c6536b5900b7e.jpg|20181203\\07d092b3dc3f03df21d29b969d5071ea.jpg', '1543827320', '148', '11');
INSERT INTO `shop_goods` VALUES ('39', 'ASUS ROG Zephyrus S 超薄游戏笔记本电脑', '11894', '12000', '1', '2', '2', '120', '2', '123', '狗是人类的好朋友<img src=\"http://www.myshop.com/public/uploads/editimg/20181205\\timg.jpg\" alt=\"aaa\">', '1500', '20181203\\34f37f06f9f33f2b71c38b7834587f69.jpg', '|20181203\\ac74ee98eeccc65074f638dccc62e1d9.jpg|20181203\\10448b20439f4b98530c6536b5900b7e.jpg|20181203\\07d092b3dc3f03df21d29b969d5071ea.jpg', '1543827387', '148', '15');
INSERT INTO `shop_goods` VALUES ('40', '联想 Thinkpad X1 Yoga * 3 代', '14157', '15000', '1', '2', '2', '213', '2', '123', '狗是人类的好朋友<img src=\"http://www.myshop.com/public/uploads/editimg/20181205\\timg.jpg\" alt=\"aaa\">', '1500', '20181203\\f9d703f273aaae0f01fae2ad1fe340b1.jpg', '|20181203\\ac74ee98eeccc65074f638dccc62e1d9.jpg|20181203\\10448b20439f4b98530c6536b5900b7e.jpg|20181203\\07d092b3dc3f03df21d29b969d5071ea.jpg', '1543827320', '148', '11');
INSERT INTO `shop_goods` VALUES ('41', 'ASUS ROG Zephyrus S 超薄游戏笔记本电脑', '11894', '12000', '1', '2', '2', '878', '2', '123', '狗是人类的好朋友<img src=\"http://www.myshop.com/public/uploads/editimg/20181205\\timg.jpg\" alt=\"aaa\">', '1500', '20181203\\34f37f06f9f33f2b71c38b7834587f69.jpg', '|20181203\\ac74ee98eeccc65074f638dccc62e1d9.jpg|20181203\\10448b20439f4b98530c6536b5900b7e.jpg|20181203\\07d092b3dc3f03df21d29b969d5071ea.jpg', '1543827387', '148', '15');
INSERT INTO `shop_goods` VALUES ('42', '联想 Thinkpad X1 Yoga * 3 代', '14157', '15000', '1', '2', '2', '6969', '2', '123', '狗是人类的好朋友<img src=\"http://www.myshop.com/public/uploads/editimg/20181205\\timg.jpg\" alt=\"aaa\">', '1500', '20181203\\f9d703f273aaae0f01fae2ad1fe340b1.jpg', '|20181203\\ac74ee98eeccc65074f638dccc62e1d9.jpg|20181203\\10448b20439f4b98530c6536b5900b7e.jpg|20181203\\07d092b3dc3f03df21d29b969d5071ea.jpg', '1543827320', '148', '11');
INSERT INTO `shop_goods` VALUES ('43', 'ASUS ROG Zephyrus S 超薄游戏笔记本电脑', '11894', '12000', '1', '2', '2', '852', '2', '123', '狗是人类的好朋友<img src=\"http://www.myshop.com/public/uploads/editimg/20181205\\timg.jpg\" alt=\"aaa\">', '1500', '20181203\\34f37f06f9f33f2b71c38b7834587f69.jpg', '|20181203\\ac74ee98eeccc65074f638dccc62e1d9.jpg|20181203\\10448b20439f4b98530c6536b5900b7e.jpg|20181203\\07d092b3dc3f03df21d29b969d5071ea.jpg', '1543827387', '148', '15');
INSERT INTO `shop_goods` VALUES ('48', '90 Degree BY reflex 女式 POWER FLEX 瑜伽裤 5', '150', '150', '1', '2', '2', '121', '2', '123', '狗是人类的好朋友<img src=\"http://www.myshop.com/public/uploads/editimg/20181205\\timg.jpg\" alt=\"aaa\">', '1500', '20181203\\7c8e5e9abeb8dcdcda7eed561b9d1587.jpg', '|20181203\\ac74ee98eeccc65074f638dccc62e1d9.jpg|20181203\\10448b20439f4b98530c6536b5900b7e.jpg|20181203\\07d092b3dc3f03df21d29b969d5071ea.jpg', '1543827532', '164', '9');
INSERT INTO `shop_goods` VALUES ('52', 'STAEDTLER施德楼 速动中车圆规 550 02  4', '99', '100', '1', '2', '2', '1', '2', '123', '狗是人类的好朋友<img src=\"http://www.myshop.com/public/uploads/editimg/20181205\\timg.jpg\" alt=\"aaa\">', '1500', '20181203\\997843249e2cc2795cd9e55ba549175f.jpg', '|20181203\\ac74ee98eeccc65074f638dccc62e1d9.jpg|20181203\\10448b20439f4b98530c6536b5900b7e.jpg|20181203\\07d092b3dc3f03df21d29b969d5071ea.jpg', '1543827632', '186', '10');
INSERT INTO `shop_goods` VALUES ('54', 'ASUS ROG Zephyrus S 超薄游戏笔记本电脑6', '11894', '12000', '1', '1', '2', null, '2', '99', '华硕笔记本，给你不一样的体验<img src=\"http://www.myshop.com/public/uploads/editimg/20181205\\fc9694f7dbbffefe242c4e2503a3c503.jpg\" alt=\"aaa\">', '11894', '20181205\\5b518e1c06724371958c1f474d0dbe94.jpg', '|20181205\\2b10e35f682e58964adce660d3927fe3.jpg|20181205\\1bfe784e109e2a3888cc5c61ce1a77e4.jpg|20181205\\dbb5e2f274d7d2e1a35ee4988d1eebac.jpg', '1543990162', '148', '7');

-- ----------------------------
-- Table structure for shop_history
-- ----------------------------
DROP TABLE IF EXISTS `shop_history`;
CREATE TABLE `shop_history` (
  `id` int(11) NOT NULL AUTO_INCREMENT,
  `user_id` int(11) DEFAULT NULL,
  `goods_id` int(11) DEFAULT NULL,
  `ctime` int(11) DEFAULT NULL,
  PRIMARY KEY (`id`)
) ENGINE=InnoDB AUTO_INCREMENT=120 DEFAULT CHARSET=utf8;

-- ----------------------------
-- Records of shop_history
-- ----------------------------
INSERT INTO `shop_history` VALUES ('1', '6', '3', '1543996347');
INSERT INTO `shop_history` VALUES ('2', '6', '4', '1543996871');
INSERT INTO `shop_history` VALUES ('3', '6', '5', '1543996885');
INSERT INTO `shop_history` VALUES ('4', '6', '6', '1543996897');
INSERT INTO `shop_history` VALUES ('5', '6', '7', '1543997282');
INSERT INTO `shop_history` VALUES ('6', '6', '5', '1543996871');
INSERT INTO `shop_history` VALUES ('7', '6', '6', '1543996885');
INSERT INTO `shop_history` VALUES ('8', '6', '10', '1543996897');
INSERT INTO `shop_history` VALUES ('9', '6', '5', '1543997282');
INSERT INTO `shop_history` VALUES ('10', '6', '3', '1543997975');
INSERT INTO `shop_history` VALUES ('11', '6', '3', '1543998723');
INSERT INTO `shop_history` VALUES ('12', '6', '3', '1543998725');
INSERT INTO `shop_history` VALUES ('13', '6', '53', '1544003621');
INSERT INTO `shop_history` VALUES ('14', '6', '25', '1544003624');
INSERT INTO `shop_history` VALUES ('15', '6', '16', '1544003627');
INSERT INTO `shop_history` VALUES ('16', '6', '3', '1544004199');
INSERT INTO `shop_history` VALUES ('17', '7', '1', '1544012208');
INSERT INTO `shop_history` VALUES ('18', '7', '1', '1544012212');
INSERT INTO `shop_history` VALUES ('19', '7', '1', '1544012241');
INSERT INTO `shop_history` VALUES ('20', '7', '3', '1544012281');
INSERT INTO `shop_history` VALUES ('21', '7', '3', '1544012314');
INSERT INTO `shop_history` VALUES ('22', '7', '3', '1544012316');
INSERT INTO `shop_history` VALUES ('23', '7', '3', '1544012317');
INSERT INTO `shop_history` VALUES ('24', '7', '6', '1544012321');
INSERT INTO `shop_history` VALUES ('25', '7', '6', '1544012404');
INSERT INTO `shop_history` VALUES ('26', '7', '7', '1544012420');
INSERT INTO `shop_history` VALUES ('27', '7', '1', '1544012490');
INSERT INTO `shop_history` VALUES ('28', '7', '1', '1544055920');
INSERT INTO `shop_history` VALUES ('29', '7', '1', '1544056507');
INSERT INTO `shop_history` VALUES ('30', '7', '1', '1544056663');
INSERT INTO `shop_history` VALUES ('31', '7', '6', '1544056704');
INSERT INTO `shop_history` VALUES ('32', '7', '7', '1544056720');
INSERT INTO `shop_history` VALUES ('33', '7', '7', '1544056830');
INSERT INTO `shop_history` VALUES ('34', '7', '7', '1544056948');
INSERT INTO `shop_history` VALUES ('35', '7', '7', '1544057009');
INSERT INTO `shop_history` VALUES ('36', '7', '7', '1544057063');
INSERT INTO `shop_history` VALUES ('37', '7', '8', '1544057077');
INSERT INTO `shop_history` VALUES ('38', '7', '8', '1544057326');
INSERT INTO `shop_history` VALUES ('39', '7', '8', '1544057395');
INSERT INTO `shop_history` VALUES ('40', '7', '8', '1544057471');
INSERT INTO `shop_history` VALUES ('41', '7', '5', '1544060170');
INSERT INTO `shop_history` VALUES ('42', '7', '1', '1544064891');
INSERT INTO `shop_history` VALUES ('43', '7', '1', '1544068620');
INSERT INTO `shop_history` VALUES ('44', '7', '1', '1544068629');
INSERT INTO `shop_history` VALUES ('45', '7', '2', '1544068633');
INSERT INTO `shop_history` VALUES ('46', '7', '2', '1544068826');
INSERT INTO `shop_history` VALUES ('47', '7', '2', '1544068976');
INSERT INTO `shop_history` VALUES ('48', '7', '2', '1544069001');
INSERT INTO `shop_history` VALUES ('49', '7', '2', '1544069022');
INSERT INTO `shop_history` VALUES ('50', '7', '2', '1544069041');
INSERT INTO `shop_history` VALUES ('51', '7', '1', '1544073403');
INSERT INTO `shop_history` VALUES ('52', '7', '1', '1544073462');
INSERT INTO `shop_history` VALUES ('53', '7', '1', '1544074239');
INSERT INTO `shop_history` VALUES ('54', '7', '1', '1544084754');
INSERT INTO `shop_history` VALUES ('55', '7', '1', '1544091928');
INSERT INTO `shop_history` VALUES ('56', '7', '1', '1544092704');
INSERT INTO `shop_history` VALUES ('57', '7', '1', '1544092772');
INSERT INTO `shop_history` VALUES ('58', '7', '1', '1544092807');
INSERT INTO `shop_history` VALUES ('59', '7', '1', '1544092831');
INSERT INTO `shop_history` VALUES ('60', '7', '25', '1544092842');
INSERT INTO `shop_history` VALUES ('61', '7', '25', '1544092856');
INSERT INTO `shop_history` VALUES ('62', '7', '25', '1544092949');
INSERT INTO `shop_history` VALUES ('63', '7', '25', '1544092990');
INSERT INTO `shop_history` VALUES ('64', '7', '3', '1544142908');
INSERT INTO `shop_history` VALUES ('65', '7', '1', '1544143005');
INSERT INTO `shop_history` VALUES ('66', '7', '1', '1544143312');
INSERT INTO `shop_history` VALUES ('67', '7', '1', '1544143535');
INSERT INTO `shop_history` VALUES ('68', '7', '1', '1544143736');
INSERT INTO `shop_history` VALUES ('69', '7', '1', '1544143843');
INSERT INTO `shop_history` VALUES ('70', '7', '2', '1544144995');
INSERT INTO `shop_history` VALUES ('71', '7', '6', '1544145008');
INSERT INTO `shop_history` VALUES ('72', '7', '1', '1544161037');
INSERT INTO `shop_history` VALUES ('73', '7', '1', '1544162255');
INSERT INTO `shop_history` VALUES ('74', '7', '2', '1544162276');
INSERT INTO `shop_history` VALUES ('75', '7', '2', '1544162375');
INSERT INTO `shop_history` VALUES ('76', '7', '6', '1544162393');
INSERT INTO `shop_history` VALUES ('77', '7', '6', '1544162408');
INSERT INTO `shop_history` VALUES ('78', '7', '5', '1544162414');
INSERT INTO `shop_history` VALUES ('79', '7', '8', '1544162434');
INSERT INTO `shop_history` VALUES ('80', '7', '2', '1544168519');
INSERT INTO `shop_history` VALUES ('81', '7', '3', '1544168556');
INSERT INTO `shop_history` VALUES ('82', '7', '3', '1544168607');
INSERT INTO `shop_history` VALUES ('83', '7', '17', '1544168628');
INSERT INTO `shop_history` VALUES ('84', '7', '3', '1544168677');
INSERT INTO `shop_history` VALUES ('85', '7', '6', '1544168723');
INSERT INTO `shop_history` VALUES ('86', '7', '2', '1544508195');
INSERT INTO `shop_history` VALUES ('87', '7', '2', '1544508676');
INSERT INTO `shop_history` VALUES ('88', '7', '6', '1544511530');
INSERT INTO `shop_history` VALUES ('89', '7', '3', '1544511577');
INSERT INTO `shop_history` VALUES ('90', '7', '4', '1544573888');
INSERT INTO `shop_history` VALUES ('91', '7', '10', '1544617195');
INSERT INTO `shop_history` VALUES ('92', '7', '14', '1544617242');
INSERT INTO `shop_history` VALUES ('93', '7', '14', '1544617267');
INSERT INTO `shop_history` VALUES ('94', '7', '14', '1544617378');
INSERT INTO `shop_history` VALUES ('95', '7', '3', '1544617426');
INSERT INTO `shop_history` VALUES ('96', '7', '3', '1544678701');
INSERT INTO `shop_history` VALUES ('97', '7', '3', '1544678926');
INSERT INTO `shop_history` VALUES ('98', '7', '3', '1544678975');
INSERT INTO `shop_history` VALUES ('99', '7', '30', '1544697924');
INSERT INTO `shop_history` VALUES ('100', '7', '2', '1544703247');
INSERT INTO `shop_history` VALUES ('101', '7', '2', '1544747216');
INSERT INTO `shop_history` VALUES ('102', '7', '3', '1544855079');
INSERT INTO `shop_history` VALUES ('103', '7', '3', '1544855577');
INSERT INTO `shop_history` VALUES ('104', '7', '2', '1544855615');
INSERT INTO `shop_history` VALUES ('105', '7', '6', '1544855632');
INSERT INTO `shop_history` VALUES ('106', '7', '6', '1544855637');
INSERT INTO `shop_history` VALUES ('107', '7', '3', '1544855920');
INSERT INTO `shop_history` VALUES ('108', '7', '2', '1544855926');
INSERT INTO `shop_history` VALUES ('109', '7', '25', '1544856088');
INSERT INTO `shop_history` VALUES ('110', '7', '10', '1544856096');
INSERT INTO `shop_history` VALUES ('111', '7', '30', '1544856875');
INSERT INTO `shop_history` VALUES ('112', '7', '14', '1544857858');
INSERT INTO `shop_history` VALUES ('113', '7', '3', '1545209130');
INSERT INTO `shop_history` VALUES ('114', '7', '54', '1545214352');
INSERT INTO `shop_history` VALUES ('115', '7', '29', '1545265951');
INSERT INTO `shop_history` VALUES ('116', '7', '3', '1545307992');
INSERT INTO `shop_history` VALUES ('117', '7', '25', '1545308767');
INSERT INTO `shop_history` VALUES ('118', '7', '14', '1548042938');
INSERT INTO `shop_history` VALUES ('119', '7', '2', '1549092323');

-- ----------------------------
-- Table structure for shop_node
-- ----------------------------
DROP TABLE IF EXISTS `shop_node`;
CREATE TABLE `shop_node` (
  `node_id` int(11) NOT NULL AUTO_INCREMENT,
  `node_name` varchar(255) DEFAULT NULL,
  `pid` int(11) DEFAULT NULL,
  PRIMARY KEY (`node_id`)
) ENGINE=InnoDB AUTO_INCREMENT=23 DEFAULT CHARSET=utf8;

-- ----------------------------
-- Records of shop_node
-- ----------------------------
INSERT INTO `shop_node` VALUES ('1', '商品管理员', '0');
INSERT INTO `shop_node` VALUES ('2', '商品添加', '1');
INSERT INTO `shop_node` VALUES ('3', '商品展示', '1');
INSERT INTO `shop_node` VALUES ('4', '品牌管理员', '0');
INSERT INTO `shop_node` VALUES ('5', '品牌添加', '4');
INSERT INTO `shop_node` VALUES ('6', '品牌展示', '4');
INSERT INTO `shop_node` VALUES ('7', '分类管理员', '0');
INSERT INTO `shop_node` VALUES ('8', '分类添加', '7');
INSERT INTO `shop_node` VALUES ('9', '分类展示', '7');
INSERT INTO `shop_node` VALUES ('10', '用户管理员', '0');
INSERT INTO `shop_node` VALUES ('11', '用户展示', '10');
INSERT INTO `shop_node` VALUES ('12', '收货地址', '10');
INSERT INTO `shop_node` VALUES ('13', '友链管理员', '0');
INSERT INTO `shop_node` VALUES ('14', '友链添加', '13');
INSERT INTO `shop_node` VALUES ('15', '友链展示', '13');
INSERT INTO `shop_node` VALUES ('16', '权限管理员', '0');
INSERT INTO `shop_node` VALUES ('17', '管理员添加', '16');
INSERT INTO `shop_node` VALUES ('18', '管理员展示', '16');
INSERT INTO `shop_node` VALUES ('19', '系统管理员', '0');
INSERT INTO `shop_node` VALUES ('20', '网站设置', '19');
INSERT INTO `shop_node` VALUES ('21', '修改密码', '19');
INSERT INTO `shop_node` VALUES ('22', null, null);

-- ----------------------------
-- Table structure for shop_order
-- ----------------------------
DROP TABLE IF EXISTS `shop_order`;
CREATE TABLE `shop_order` (
  `order_id` int(11) NOT NULL AUTO_INCREMENT,
  `order_number` varchar(30) DEFAULT NULL,
  `user_id` int(11) DEFAULT NULL,
  `order_amount` float DEFAULT NULL,
  `order_score` int(11) DEFAULT NULL,
  `pay_type` int(11) DEFAULT '1' COMMENT '支付方式 1 支付宝 2 货到 3转账',
  `pay_status` tinyint(4) DEFAULT '1' COMMENT '1 待支付 2 已支付',
  `order_message` varchar(100) DEFAULT '1' COMMENT '1 待支付 2已取消 3已支付 4已确认 5已发货 6已签署 7已完成',
  `order_status` tinyint(4) DEFAULT '1',
  `pay_time` int(11) DEFAULT NULL,
  `ctime` int(11) DEFAULT NULL,
  PRIMARY KEY (`order_id`)
) ENGINE=InnoDB AUTO_INCREMENT=12 DEFAULT CHARSET=utf8;

-- ----------------------------
-- Records of shop_order
-- ----------------------------
INSERT INTO `shop_order` VALUES ('1', '118121500074616', '7', '1594', '1894', '2', '1', '', '1', null, '1544855715');
INSERT INTO `shop_order` VALUES ('2', '118121500077610', '7', '1116', '1196', '2', '1', 'awd', '4', null, '1544856025');
INSERT INTO `shop_order` VALUES ('3', '118121500074245', '7', '2000', '3500', '2', '1', 'awd', '1', null, '1544856112');
INSERT INTO `shop_order` VALUES ('4', '118121500078346', '7', '561', '1500', '2', '1', 'ffs ', '1', null, '1544856888');
INSERT INTO `shop_order` VALUES ('5', '118121500079227', '7', '2224', '500', '2', '1', 'wad', '1', null, '1544857887');
INSERT INTO `shop_order` VALUES ('6', '118121900074402', '7', '359', '299', '1', '1', 'ahhahahh', '1', null, '1545209186');
INSERT INTO `shop_order` VALUES ('7', '118121900072228', '7', '11894', '11894', '1', '1', '', '1', null, '1545214366');
INSERT INTO `shop_order` VALUES ('8', '118122000075388', '7', '269', '1500', '1', '1', 'qw qe ', '1', null, '1545265963');
INSERT INTO `shop_order` VALUES ('9', '118122000078358', '7', '359', '299', '1', '1', '', '1', null, '1545308002');
INSERT INTO `shop_order` VALUES ('10', '118122000075399', '7', '750', '1500', '1', '1', '', '1', null, '1545308776');
INSERT INTO `shop_order` VALUES ('11', '119012100076730', '7', '1112', '250', '1', '1', '', '1', null, '1548042949');

-- ----------------------------
-- Table structure for shop_order_address
-- ----------------------------
DROP TABLE IF EXISTS `shop_order_address`;
CREATE TABLE `shop_order_address` (
  `id` int(11) NOT NULL AUTO_INCREMENT,
  `user_id` int(11) DEFAULT NULL,
  `order_id` int(11) DEFAULT NULL,
  `province` varchar(20) DEFAULT NULL,
  `city` varchar(20) DEFAULT NULL,
  `district` varchar(20) DEFAULT NULL,
  `consignee_name` varchar(30) DEFAULT NULL,
  `consignee_tel` char(11) DEFAULT NULL,
  `detailed_address` varchar(50) DEFAULT '',
  `address_status` tinyint(4) DEFAULT '1',
  `ctime` int(11) DEFAULT NULL,
  PRIMARY KEY (`id`)
) ENGINE=InnoDB AUTO_INCREMENT=12 DEFAULT CHARSET=utf8;

-- ----------------------------
-- Records of shop_order_address
-- ----------------------------
INSERT INTO `shop_order_address` VALUES ('1', '7', '1', '天津', '天津市', '和平区', '王磊', '11111111111', '天津', '1', '1544855715');
INSERT INTO `shop_order_address` VALUES ('2', '7', '2', '天津', '天津市', '和平区', '王磊', '11111111111', '天津', '1', '1544856025');
INSERT INTO `shop_order_address` VALUES ('3', '7', '3', '天津', '天津市', '和平区', '王磊', '11111111111', '天津', '1', '1544856112');
INSERT INTO `shop_order_address` VALUES ('4', '7', '4', '天津', '天津市', '和平区', '王磊', '11111111111', '天津', '1', '1544856888');
INSERT INTO `shop_order_address` VALUES ('5', '7', '5', '天津', '天津市', '和平区', '王磊', '11111111111', '天津', '1', '1544857887');
INSERT INTO `shop_order_address` VALUES ('6', '7', '6', '天津', '天津市', '和平区', '王磊', '11111111111', '天津', '1', '1545209186');
INSERT INTO `shop_order_address` VALUES ('7', '7', '7', '天津', '天津市', '和平区', '王磊', '11111111111', '天津', '1', '1545214366');
INSERT INTO `shop_order_address` VALUES ('8', '7', '8', '天津', '天津市', '和平区', '王磊', '11111111111', '天津', '1', '1545265963');
INSERT INTO `shop_order_address` VALUES ('9', '7', '9', '天津', '天津市', '和平区', '王磊', '11111111111', '天津', '1', '1545308002');
INSERT INTO `shop_order_address` VALUES ('10', '7', '10', '天津', '天津市', '和平区', '王磊', '11111111111', '天津', '1', '1545308776');
INSERT INTO `shop_order_address` VALUES ('11', '7', '11', '天津', '天津市', '和平区', '王磊', '11111111111', '天津', '1', '1548042949');

-- ----------------------------
-- Table structure for shop_order_detail
-- ----------------------------
DROP TABLE IF EXISTS `shop_order_detail`;
CREATE TABLE `shop_order_detail` (
  `id` int(11) NOT NULL AUTO_INCREMENT,
  `user_id` int(11) DEFAULT NULL,
  `order_id` int(11) DEFAULT NULL,
  `goods_id` int(11) DEFAULT NULL,
  `goods_name` varchar(30) DEFAULT NULL,
  `goods_selfprice` decimal(10,0) DEFAULT NULL,
  `goods_img` varchar(255) DEFAULT NULL,
  `buy_number` int(11) DEFAULT NULL,
  `express_number` int(11) DEFAULT NULL,
  `goods_status` tinyint(4) DEFAULT '1',
  `ctime` int(11) DEFAULT NULL,
  PRIMARY KEY (`id`)
) ENGINE=InnoDB AUTO_INCREMENT=16 DEFAULT CHARSET=utf8;

-- ----------------------------
-- Records of shop_order_detail
-- ----------------------------
INSERT INTO `shop_order_detail` VALUES ('1', '7', '1', '3', 'Clarks 女士 Juliet Lora 乐福鞋', '359', '20181205\\5919517b5144afcff1233d1fa6d43855.jpg', '2', null, '1', '1544855715');
INSERT INTO `shop_order_detail` VALUES ('2', '7', '1', '2', 'ZAXY POP BOW II系列 女 芭蕾鞋', '199', '20181205\\31f8f32b40221065dba7b1ae85a6f03d.jpg', '2', null, '1', '1544855715');
INSERT INTO `shop_order_detail` VALUES ('3', '7', '1', '6', '春秋款 真皮时尚男鞋', '239', '20181129\\ce76ba8b0dfcd8285ec83c2e9615350b.jpg', '2', null, '1', '1544855715');
INSERT INTO `shop_order_detail` VALUES ('4', '7', '2', '3', 'Clarks 女士 Juliet Lora 乐福鞋', '359', '20181205\\5919517b5144afcff1233d1fa6d43855.jpg', '2', null, '1', '1544856025');
INSERT INTO `shop_order_detail` VALUES ('5', '7', '2', '2', 'ZAXY POP BOW II系列 女 芭蕾鞋', '199', '20181205\\31f8f32b40221065dba7b1ae85a6f03d.jpg', '2', null, '1', '1544856025');
INSERT INTO `shop_order_detail` VALUES ('6', '7', '3', '25', 'SONIC透肤声波洁面仪(紫红色)', '750', '20181203\\824e0e958c74a7c28f0e9d519ad2a663.jpg', '2', null, '1', '1544856112');
INSERT INTO `shop_order_detail` VALUES ('7', '7', '3', '10', 'Lee 男式长袖牛津衬衫', '250', '20181205\\d2cb3c772385945f3661c08a362c97fe.jpg', '2', null, '1', '1544856112');
INSERT INTO `shop_order_detail` VALUES ('8', '7', '4', '30', 'Essenza Mini 胶囊咖啡机', '561', '20181205\\6cfb0270559735198afa8104a167151b.jpg', '1', null, '1', '1544856888');
INSERT INTO `shop_order_detail` VALUES ('9', '7', '5', '14', '鳄鱼皮派对手包女士时尚单肩包 ', '1112', '20181129\\e351ec3d85d6f6c642cc35abbdc20a7a.jpg', '2', null, '1', '1544857887');
INSERT INTO `shop_order_detail` VALUES ('10', '7', '6', '3', 'Clarks 女士 Juliet Lora 乐福鞋', '359', '20181205\\5919517b5144afcff1233d1fa6d43855.jpg', '1', null, '1', '1545209186');
INSERT INTO `shop_order_detail` VALUES ('11', '7', '7', '54', 'ASUS ROG Zephyrus S 超薄游戏笔记本电脑6', '11894', '20181205\\5b518e1c06724371958c1f474d0dbe94.jpg', '1', null, '1', '1545214366');
INSERT INTO `shop_order_detail` VALUES ('12', '7', '8', '29', 'DIOR 迪奥 克丽斯汀 魅惑润唇膏001', '269', '20181203\\33c74fa496884fa8c3f4d0d5fa8bec31.jpg', '1', null, '1', '1545265963');
INSERT INTO `shop_order_detail` VALUES ('13', '7', '9', '3', 'Clarks 女士 Juliet Lora 乐福鞋', '359', '20181205\\5919517b5144afcff1233d1fa6d43855.jpg', '1', null, '1', '1545308002');
INSERT INTO `shop_order_detail` VALUES ('14', '7', '10', '25', 'SONIC透肤声波洁面仪(紫红色)', '750', '20181203\\824e0e958c74a7c28f0e9d519ad2a663.jpg', '1', null, '1', '1545308776');
INSERT INTO `shop_order_detail` VALUES ('15', '7', '11', '14', '鳄鱼皮派对手包女士时尚单肩包 ', '1112', '20181129\\e351ec3d85d6f6c642cc35abbdc20a7a.jpg', '1', null, '1', '1548042949');

-- ----------------------------
-- Table structure for shop_role
-- ----------------------------
DROP TABLE IF EXISTS `shop_role`;
CREATE TABLE `shop_role` (
  `role_id` int(11) NOT NULL AUTO_INCREMENT,
  `role_name` varchar(255) DEFAULT NULL,
  PRIMARY KEY (`role_id`)
) ENGINE=InnoDB AUTO_INCREMENT=7 DEFAULT CHARSET=utf8;

-- ----------------------------
-- Records of shop_role
-- ----------------------------
INSERT INTO `shop_role` VALUES ('6', '商品管理员');

-- ----------------------------
-- Table structure for shop_role_node
-- ----------------------------
DROP TABLE IF EXISTS `shop_role_node`;
CREATE TABLE `shop_role_node` (
  `role_id` int(11) DEFAULT NULL,
  `node_id` int(11) DEFAULT NULL
) ENGINE=InnoDB DEFAULT CHARSET=utf8;

-- ----------------------------
-- Records of shop_role_node
-- ----------------------------
INSERT INTO `shop_role_node` VALUES ('6', '1');
INSERT INTO `shop_role_node` VALUES ('6', '2');
INSERT INTO `shop_role_node` VALUES ('6', '3');

-- ----------------------------
-- Table structure for shop_search
-- ----------------------------
DROP TABLE IF EXISTS `shop_search`;
CREATE TABLE `shop_search` (
  `id` int(5) NOT NULL AUTO_INCREMENT,
  `search` varchar(30) DEFAULT NULL,
  PRIMARY KEY (`id`)
) ENGINE=InnoDB AUTO_INCREMENT=14 DEFAULT CHARSET=utf8;

-- ----------------------------
-- Records of shop_search
-- ----------------------------
INSERT INTO `shop_search` VALUES ('1', '孙靳涛');
INSERT INTO `shop_search` VALUES ('2', '王磊');
INSERT INTO `shop_search` VALUES ('3', '王磊');
INSERT INTO `shop_search` VALUES ('4', '北京天气');
INSERT INTO `shop_search` VALUES ('5', '深圳天气');
INSERT INTO `shop_search` VALUES ('6', '湖北天气');
INSERT INTO `shop_search` VALUES ('7', '1806');
INSERT INTO `shop_search` VALUES ('8', '1807');
INSERT INTO `shop_search` VALUES ('9', '1808');
INSERT INTO `shop_search` VALUES ('10', '1809');
INSERT INTO `shop_search` VALUES ('11', '1805');
INSERT INTO `shop_search` VALUES ('12', '王鹏');
INSERT INTO `shop_search` VALUES ('13', '1804');

-- ----------------------------
-- Table structure for shop_user
-- ----------------------------
DROP TABLE IF EXISTS `shop_user`;
CREATE TABLE `shop_user` (
  `user_id` int(11) NOT NULL AUTO_INCREMENT,
  `user_email` varchar(45) DEFAULT NULL,
  `user_tel` char(11) DEFAULT NULL,
  `user_pwd` char(32) DEFAULT NULL,
  `user_code` varchar(45) DEFAULT NULL,
  `create_time` int(11) DEFAULT NULL,
  `error_num` int(1) DEFAULT '0',
  `last_error_time` int(11) DEFAULT NULL,
  PRIMARY KEY (`user_id`)
) ENGINE=InnoDB AUTO_INCREMENT=8 DEFAULT CHARSET=utf8;

-- ----------------------------
-- Records of shop_user
-- ----------------------------
INSERT INTO `shop_user` VALUES ('1', null, '18835797226', '7d716912255ed6938616b081dcd3a701', '207391', '1542970814', '0', null);
INSERT INTO `shop_user` VALUES ('2', '12078996521@qq.com', null, '7d716912255ed6938616b081dcd3a701', '204987', '1542974209', '0', null);
INSERT INTO `shop_user` VALUES ('3', '1134492261@qq.com', null, '7d716912255ed6938616b081dcd3a701', '415475', '1543064575', '0', null);
INSERT INTO `shop_user` VALUES ('4', '12078996522@qq.com', null, '7d716912255ed6938616b081dcd3a701', '29383', '1543065327', '0', null);
INSERT INTO `shop_user` VALUES ('5', '1207899652@qq.com', null, '7d716912255ed6938616b081dcd3a701', '452688', '1543226648', '0', null);
INSERT INTO `shop_user` VALUES ('6', null, '18835797236', '7d716912255ed6938616b081dcd3a701', '380371', '1543227265', '0', null);
INSERT INTO `shop_user` VALUES ('7', null, '18565188312', 'e10adc3949ba59abbe56e057f20f883e', '992694', '1544012201', '0', null);
